index,return
2010-01-04 00:00:00+00:00,0.0
2010-01-05 00:00:00+00:00,0.0
2010-01-06 00:00:00+00:00,0.0
2010-01-07 00:00:00+00:00,0.0
2010-01-08 00:00:00+00:00,0.0
2010-01-11 00:00:00+00:00,0.0
2010-01-12 00:00:00+00:00,0.0
2010-01-13 00:00:00+00:00,0.0
2010-01-14 00:00:00+00:00,0.026500559999999895
2010-01-18 00:00:00+00:00,0.01264490298962917
2010-01-19 00:00:00+00:00,-0.007686531434508037
2010-01-20 00:00:00+00:00,-0.016451919831433126
2010-01-21 00:00:00+00:00,0.017712800221614033
2010-01-22 00:00:00+00:00,-0.010149594006941598
2010-01-25 00:00:00+00:00,0.0
2010-01-26 00:00:00+00:00,0.0
2010-01-27 00:00:00+00:00,0.0
2010-01-28 00:00:00+00:00,0.0
2010-01-29 00:00:00+00:00,0.0
2010-02-01 00:00:00+00:00,0.0
2010-02-02 00:00:00+00:00,-0.0033087308632233636
2010-02-03 00:00:00+00:00,0.013724320843442106
2010-02-04 00:00:00+00:00,0.003863996466273445
2010-02-05 00:00:00+00:00,-0.00962763212998985
2010-02-08 00:00:00+00:00,-0.006808753434718984
2010-02-09 00:00:00+00:00,-0.0009807482646345678
2010-02-10 00:00:00+00:00,-0.00037261825603263077
2010-02-11 00:00:00+00:00,0.0
2010-02-12 00:00:00+00:00,0.0
2010-02-22 00:00:00+00:00,-0.00725707775048734
2010-02-23 00:00:00+00:00,0.0009892561245041787
2010-02-24 00:00:00+00:00,0.06906089906300927
2010-02-25 00:00:00+00:00,0.07105215690534883
2010-02-26 00:00:00+00:00,0.0
2010-03-01 00:00:00+00:00,0.015510090897936202
2010-03-02 00:00:00+00:00,-0.006782423656767289
2010-03-03 00:00:00+00:00,-0.00683729637521624
2010-03-04 00:00:00+00:00,-0.03354297881779422
2010-03-05 00:00:00+00:00,-0.002324354487827418
2010-03-08 00:00:00+00:00,0.0
2010-03-09 00:00:00+00:00,0.0
2010-03-10 00:00:00+00:00,0.0
2010-03-11 00:00:00+00:00,-0.007700278643730019
2010-03-12 00:00:00+00:00,-0.00415791380456676
2010-03-15 00:00:00+00:00,0.0
2010-03-16 00:00:00+00:00,0.0
2010-03-17 00:00:00+00:00,0.0
2010-03-18 00:00:00+00:00,0.0
2010-03-19 00:00:00+00:00,-0.002364868005470311
2010-03-22 00:00:00+00:00,0.016288770514355955
2010-03-23 00:00:00+00:00,-0.019586436845576927
2010-03-24 00:00:00+00:00,-0.0018103680085156393
2010-03-25 00:00:00+00:00,-0.021836727227980024
2010-03-26 00:00:00+00:00,0.00040321482858618474
2010-03-29 00:00:00+00:00,0.0
2010-03-30 00:00:00+00:00,0.0
2010-03-31 00:00:00+00:00,0.006876011344549848
2010-04-01 00:00:00+00:00,0.00461571362817681
2010-04-02 00:00:00+00:00,0.001841485651696173
2010-04-06 00:00:00+00:00,0.00825307266122799
2010-04-07 00:00:00+00:00,-0.007273989489723354
2010-04-08 00:00:00+00:00,-0.0018364130592473105
2010-04-09 00:00:00+00:00,0.0027596875150630584
2010-04-12 00:00:00+00:00,-0.0005826363505930798
2010-04-13 00:00:00+00:00,0.0
2010-04-14 00:00:00+00:00,0.0
2010-04-15 00:00:00+00:00,0.0
2010-04-16 00:00:00+00:00,0.0
2010-04-19 00:00:00+00:00,0.0
2010-04-20 00:00:00+00:00,0.0
2010-04-21 00:00:00+00:00,0.0
2010-04-22 00:00:00+00:00,0.0
2010-04-23 00:00:00+00:00,0.0
2010-04-26 00:00:00+00:00,0.0
2010-04-27 00:00:00+00:00,0.0
2010-04-28 00:00:00+00:00,0.0
2010-04-29 00:00:00+00:00,0.0
2010-04-30 00:00:00+00:00,0.0
2010-05-04 00:00:00+00:00,0.0
2010-05-06 00:00:00+00:00,0.0
2010-05-07 00:00:00+00:00,0.0
2010-05-10 00:00:00+00:00,-0.0443542749420327
2010-05-11 00:00:00+00:00,-0.0373923172340761
2010-05-13 00:00:00+00:00,0.007972516590018852
2010-05-14 00:00:00+00:00,-0.01602270147182061
2010-05-17 00:00:00+00:00,0.0
2010-05-18 00:00:00+00:00,0.0
2010-05-19 00:00:00+00:00,0.0
2010-05-20 00:00:00+00:00,0.0
2010-05-21 00:00:00+00:00,0.0
2010-05-24 00:00:00+00:00,0.0
2010-05-25 00:00:00+00:00,0.0
2010-05-26 00:00:00+00:00,0.0029335095645652842
2010-05-27 00:00:00+00:00,0.012017096777752867
2010-05-28 00:00:00+00:00,-0.006918474010623621
2010-05-31 00:00:00+00:00,-0.010969016271871856
2010-06-01 00:00:00+00:00,-0.013088807102065503
2010-06-02 00:00:00+00:00,-0.004129196392873791
2010-06-03 00:00:00+00:00,0.0
2010-06-04 00:00:00+00:00,0.0
2010-06-07 00:00:00+00:00,0.0
2010-06-08 00:00:00+00:00,0.0
2010-06-09 00:00:00+00:00,0.0
2010-06-10 00:00:00+00:00,0.0
2010-06-11 00:00:00+00:00,0.0019426133808577717
2010-06-17 00:00:00+00:00,-0.008177848487586736
2010-06-18 00:00:00+00:00,-0.023723253452440973
2010-06-21 00:00:00+00:00,0.013737386343501079
2010-06-22 00:00:00+00:00,-0.0031989667491495455
2010-06-23 00:00:00+00:00,0.0
2010-06-24 00:00:00+00:00,0.0030498040255571013
2010-06-25 00:00:00+00:00,-0.01250920752854634
2010-06-28 00:00:00+00:00,-0.0042783945295292725
2010-06-29 00:00:00+00:00,0.0
2010-06-30 00:00:00+00:00,0.0
2010-07-01 00:00:00+00:00,0.0
2010-07-02 00:00:00+00:00,0.0
2010-07-05 00:00:00+00:00,0.0
2010-07-06 00:00:00+00:00,0.005178000978306008
2010-07-07 00:00:00+00:00,-0.014769513501310838
2010-07-08 00:00:00+00:00,0.0074954610640394215
2010-07-09 00:00:00+00:00,0.002118025355807518
2010-07-12 00:00:00+00:00,0.001062084827058385
2010-07-13 00:00:00+00:00,0.009538012416985708
2010-07-14 00:00:00+00:00,-0.013641125610196148
2010-07-15 00:00:00+00:00,-0.02764890405178222
2010-07-16 00:00:00+00:00,-0.0066273405350080195
2010-07-19 00:00:00+00:00,0.0
2010-07-21 00:00:00+00:00,0.0
2010-07-22 00:00:00+00:00,-0.006825698977042882
2010-07-23 00:00:00+00:00,-0.00665283262508265
2010-07-26 00:00:00+00:00,0.010051674327183013
2010-07-27 00:00:00+00:00,-0.01436844655484737
2010-07-28 00:00:00+00:00,0.010085486741987726
2010-07-29 00:00:00+00:00,0.006660229852871069
2010-07-30 00:00:00+00:00,-0.00022077445664714368
2010-08-02 00:00:00+00:00,0.001984293402410575
2010-08-03 00:00:00+00:00,0.003296747230715935
2010-08-04 00:00:00+00:00,0.01974845544989101
2010-08-05 00:00:00+00:00,-0.007522244127255662
2010-08-06 00:00:00+00:00,0.003246701844988875
2010-08-09 00:00:00+00:00,0.0021646788528995042
2010-08-10 00:00:00+00:00,-0.031266045448323676
2010-08-11 00:00:00+00:00,-0.002428073268252562
2010-08-12 00:00:00+00:00,0.0
2010-08-13 00:00:00+00:00,0.0
2010-08-16 00:00:00+00:00,0.0
2010-08-17 00:00:00+00:00,0.0031136906568249856
2010-08-18 00:00:00+00:00,-0.001114103369942332
2010-08-19 00:00:00+00:00,-0.006680922424140201
2010-08-20 00:00:00+00:00,0.0033685429158767377
2010-08-23 00:00:00+00:00,0.006448306352698996
2010-08-24 00:00:00+00:00,0.0
2010-08-25 00:00:00+00:00,-0.024713001520845657
2010-08-26 00:00:00+00:00,0.01934720721524741
2010-08-27 00:00:00+00:00,-0.012280516799042296
2010-08-30 00:00:00+00:00,0.010168502964684745
2010-08-31 00:00:00+00:00,-0.010066145335992704
2010-09-01 00:00:00+00:00,-0.0056504264803762805
2010-09-02 00:00:00+00:00,0.004275202425228608
2010-09-03 00:00:00+00:00,0.0
2010-09-06 00:00:00+00:00,0.0
2010-09-07 00:00:00+00:00,0.014423902952426682
2010-09-08 00:00:00+00:00,-0.014509220151102342
2010-09-09 00:00:00+00:00,-0.013577223367306601
2010-09-10 00:00:00+00:00,-0.012637216134663953
2010-09-13 00:00:00+00:00,0.0009201974286647818
2010-09-14 00:00:00+00:00,0.0
2010-09-15 00:00:00+00:00,-0.025876600449797338
2010-09-16 00:00:00+00:00,0.01907517165623962
2010-09-17 00:00:00+00:00,-0.01989020046743506
2010-09-20 00:00:00+00:00,-0.00028440089663162027
2010-09-21 00:00:00+00:00,0.0
2010-09-27 00:00:00+00:00,0.0
2010-09-28 00:00:00+00:00,0.0
2010-09-29 00:00:00+00:00,0.0
2010-09-30 00:00:00+00:00,0.0033399757079191073
2010-10-08 00:00:00+00:00,0.008045344776271168
2010-10-11 00:00:00+00:00,0.0
2010-10-12 00:00:00+00:00,0.003200718292343918
2010-10-13 00:00:00+00:00,-0.009419695808195239
2010-10-14 00:00:00+00:00,-0.02613561633257988
2010-10-15 00:00:00+00:00,0.0012220864457024305
2010-10-18 00:00:00+00:00,0.0009303129243702912
2010-10-19 00:00:00+00:00,0.0
2010-10-20 00:00:00+00:00,-0.005162950991476123
2010-10-21 00:00:00+00:00,-0.004903155928571268
2010-10-22 00:00:00+00:00,-0.001514927732913951
2010-10-25 00:00:00+00:00,0.0
2010-10-26 00:00:00+00:00,0.0
2010-10-27 00:00:00+00:00,-0.013876336699222835
2010-10-28 00:00:00+00:00,0.017477278786942163
2010-10-29 00:00:00+00:00,-0.009811955713110776
2010-11-01 00:00:00+00:00,0.0037128396900625305
2010-11-02 00:00:00+00:00,0.004936264535876367
2010-11-04 00:00:00+00:00,0.008605263772139882
2010-11-05 00:00:00+00:00,-0.001220578683188922
2010-11-08 00:00:00+00:00,0.01341833207150489
2010-11-09 00:00:00+00:00,0.012046834038955678
2010-11-10 00:00:00+00:00,-0.01902881503553311
2010-11-11 00:00:00+00:00,-0.003643945162415063
2010-11-12 00:00:00+00:00,-0.05598064435087036
2010-11-15 00:00:00+00:00,-0.007978035948800866
2010-11-16 00:00:00+00:00,0.0
2010-11-17 00:00:00+00:00,0.0
2010-11-18 00:00:00+00:00,0.0
2010-11-19 00:00:00+00:00,0.0
2010-11-22 00:00:00+00:00,0.0
2010-11-23 00:00:00+00:00,0.0
2010-11-24 00:00:00+00:00,0.012825051320278558
2010-11-25 00:00:00+00:00,0.002557716873440752
2010-11-26 00:00:00+00:00,-0.01535843011921978
2010-11-29 00:00:00+00:00,-0.002590985111288191
2010-11-30 00:00:00+00:00,-0.0014829171340161595
2010-12-01 00:00:00+00:00,0.0
2010-12-02 00:00:00+00:00,0.0
2010-12-03 00:00:00+00:00,0.0
2010-12-06 00:00:00+00:00,0.0
2010-12-07 00:00:00+00:00,0.0
2010-12-08 00:00:00+00:00,0.0
2010-12-09 00:00:00+00:00,0.0
2010-12-10 00:00:00+00:00,0.001160824787229231
2010-12-13 00:00:00+00:00,0.009127595400412858
2010-12-14 00:00:00+00:00,0.0012939965624723104
2010-12-15 00:00:00+00:00,0.0025846485985425716
2010-12-16 00:00:00+00:00,-0.009010059015499783
2010-12-17 00:00:00+00:00,0.001300712199762133
2010-12-20 00:00:00+00:00,-0.0027435875765536855
2010-12-21 00:00:00+00:00,0.0
2010-12-22 00:00:00+00:00,0.0
2010-12-23 00:00:00+00:00,0.0
2010-12-24 00:00:00+00:00,0.0
2010-12-27 00:00:00+00:00,0.0
2010-12-28 00:00:00+00:00,0.0
2010-12-29 00:00:00+00:00,0.0
2010-12-30 00:00:00+00:00,0.0
2010-12-31 00:00:00+00:00,0.0
2011-01-04 00:00:00+00:00,0.0064736432527841
2011-01-05 00:00:00+00:00,-0.0012942180266090064
2011-01-06 00:00:00+00:00,0.012933034071391347
2011-01-07 00:00:00+00:00,-0.0038252544939256783
2011-01-10 00:00:00+00:00,-0.019238244129310966
2011-01-11 00:00:00+00:00,0.002618907089740219
2011-01-12 00:00:00+00:00,0.0012770392290830657
2011-01-14 00:00:00+00:00,0.0
2011-01-17 00:00:00+00:00,0.0
2011-01-18 00:00:00+00:00,0.0
2011-01-19 00:00:00+00:00,0.0
2011-01-20 00:00:00+00:00,0.0
2011-01-21 00:00:00+00:00,0.018286840156057638
2011-01-24 00:00:00+00:00,-0.007672848788107589
2011-01-25 00:00:00+00:00,-0.006454237570984178
2011-01-26 00:00:00+00:00,0.005225151634790981
2011-01-27 00:00:00+00:00,0.0
2011-01-28 00:00:00+00:00,0.0
2011-01-31 00:00:00+00:00,0.002592404024595485
2011-02-01 00:00:00+00:00,0.007721934853374357
2011-02-09 00:00:00+00:00,0.0
2011-02-10 00:00:00+00:00,0.006383504145158758
2011-02-11 00:00:00+00:00,0.005071868503813581
2011-02-14 00:00:00+00:00,0.008840465789092145
2011-02-15 00:00:00+00:00,-0.006255701589344298
2011-02-16 00:00:00+00:00,0.06547389627663214
2011-02-18 00:00:00+00:00,-0.010632474523028068
2011-02-21 00:00:00+00:00,-0.003578257178606381
2011-02-22 00:00:00+00:00,0.06713808894876783
2011-02-23 00:00:00+00:00,-0.0056161292169814025
2011-02-24 00:00:00+00:00,-0.013559363163570204
2011-02-25 00:00:00+00:00,0.016029055250007973
2011-02-28 00:00:00+00:00,0.014658181153256011
2011-03-01 00:00:00+00:00,-0.009150684782703422
2011-03-02 00:00:00+00:00,-0.0024979374246364427
2011-03-03 00:00:00+00:00,-0.02698056428701645
2011-03-04 00:00:00+00:00,-0.015195188871449328
2011-03-07 00:00:00+00:00,0.0
2011-03-08 00:00:00+00:00,0.0
2011-03-09 00:00:00+00:00,0.0
2011-03-10 00:00:00+00:00,0.007988749603828227
2011-03-11 00:00:00+00:00,0.005817513485614212
2011-03-14 00:00:00+00:00,0.016204096882510344
2011-03-15 00:00:00+00:00,-0.007972855518010968
2011-03-16 00:00:00+00:00,0.002299551594337812
2011-03-17 00:00:00+00:00,-0.033209642042732246
2011-03-18 00:00:00+00:00,0.0033390256525513973
2011-03-21 00:00:00+00:00,0.0
2011-03-22 00:00:00+00:00,0.0
2011-03-23 00:00:00+00:00,0.0
2011-03-24 00:00:00+00:00,0.0
2011-03-25 00:00:00+00:00,0.0
2011-03-28 00:00:00+00:00,-0.00019387443355822764
2011-03-29 00:00:00+00:00,-0.0023656463113681525
2011-03-30 00:00:00+00:00,-0.015377594278406237
2011-03-31 00:00:00+00:00,-0.0013679084722810764
2011-04-01 00:00:00+00:00,0.0
2011-04-06 00:00:00+00:00,0.0
2011-04-07 00:00:00+00:00,0.0
2011-04-08 00:00:00+00:00,-0.003807849845631761
2011-04-11 00:00:00+00:00,0.0012104032317958868
2011-04-12 00:00:00+00:00,0.015692040252476946
2011-04-13 00:00:00+00:00,-0.005951311416700689
2011-04-14 00:00:00+00:00,0.008369744315447125
2011-04-15 00:00:00+00:00,-0.010663297982798636
2011-04-18 00:00:00+00:00,0.005989238862080137
2011-04-19 00:00:00+00:00,-0.017860744322240052
2011-04-20 00:00:00+00:00,-0.0013945657829597113
2011-04-21 00:00:00+00:00,0.0
2011-04-22 00:00:00+00:00,0.0
2011-04-25 00:00:00+00:00,-0.006313469320902265
2011-04-26 00:00:00+00:00,-0.021999328879683366
2011-04-27 00:00:00+00:00,-0.007498061957524893
2011-04-28 00:00:00+00:00,-0.00018411289129505182
2011-04-29 00:00:00+00:00,0.0
2011-05-03 00:00:00+00:00,0.0
2011-05-04 00:00:00+00:00,0.0
2011-05-05 00:00:00+00:00,0.003635454840313246
2011-05-06 00:00:00+00:00,0.016314339771741126
2011-05-09 00:00:00+00:00,0.012342334102086738
2011-05-11 00:00:00+00:00,-0.0012094127790317488
2011-05-12 00:00:00+00:00,0.01342972927182462
2011-05-13 00:00:00+00:00,0.0011948309729343798
2011-05-16 00:00:00+00:00,0.01204254192480203
2011-05-17 00:00:00+00:00,-0.0035733467780109107
2011-05-18 00:00:00+00:00,-0.01192996351152531
2011-05-19 00:00:00+00:00,0.04227111906968495
2011-05-20 00:00:00+00:00,-0.006952915690685235
2011-05-23 00:00:00+00:00,0.03850294022665146
2011-05-24 00:00:00+00:00,-0.014609564235642636
2011-05-26 00:00:00+00:00,0.03306760910837525
2011-05-27 00:00:00+00:00,-0.07394720213993988
2011-05-30 00:00:00+00:00,-0.07150625728106585
2011-05-31 00:00:00+00:00,-0.002672250673135479
2011-06-01 00:00:00+00:00,0.0
2011-06-02 00:00:00+00:00,0.0
2011-06-03 00:00:00+00:00,0.0
2011-06-07 00:00:00+00:00,0.0
2011-06-08 00:00:00+00:00,0.0
2011-06-09 00:00:00+00:00,0.0
2011-06-10 00:00:00+00:00,-0.005227229785856657
2011-06-13 00:00:00+00:00,-6.498801778576091e-05
2011-06-14 00:00:00+00:00,0.0
2011-06-15 00:00:00+00:00,0.0
2011-06-16 00:00:00+00:00,0.0
2011-06-17 00:00:00+00:00,0.0
2011-06-20 00:00:00+00:00,0.0
2011-06-21 00:00:00+00:00,0.0
2011-06-22 00:00:00+00:00,0.0
2011-06-23 00:00:00+00:00,0.0
2011-06-24 00:00:00+00:00,0.019406626279186323
2011-06-27 00:00:00+00:00,0.0012715391419293454
2011-06-28 00:00:00+00:00,-0.007606847056377486
2011-06-29 00:00:00+00:00,-0.011504130366699283
2011-06-30 00:00:00+00:00,0.006472756182174688
2011-07-01 00:00:00+00:00,-0.0013019434897718618
2011-07-04 00:00:00+00:00,0.0
2011-07-05 00:00:00+00:00,0.005089584958451798
2011-07-06 00:00:00+00:00,0.001281380889854411
2011-07-07 00:00:00+00:00,-0.006385907860077311
2011-07-08 00:00:00+00:00,0.007714915654720489
2011-07-11 00:00:00+00:00,0.012755491993385215
2011-07-12 00:00:00+00:00,-0.0214162737026532
2011-07-13 00:00:00+00:00,0.010304118779381533
2011-07-14 00:00:00+00:00,0.0063696049701198465
2011-07-15 00:00:00+00:00,-0.005134639597295765
2011-07-18 00:00:00+00:00,0.006282756903124076
2011-07-19 00:00:00+00:00,-0.01137748936109717
2011-07-20 00:00:00+00:00,0.0025503082912623487
2011-07-21 00:00:00+00:00,-0.002618141236047866
2011-07-22 00:00:00+00:00,0.0
2011-07-25 00:00:00+00:00,0.0
2011-07-26 00:00:00+00:00,0.0
2011-07-28 00:00:00+00:00,0.0
2011-07-29 00:00:00+00:00,0.0
2011-08-01 00:00:00+00:00,0.02671227897560935
2011-08-02 00:00:00+00:00,0.0
2011-08-03 00:00:00+00:00,-0.02241968690183238
2011-08-04 00:00:00+00:00,-0.0025538816025084676
2011-08-05 00:00:00+00:00,-0.016742667205003614
2011-08-08 00:00:00+00:00,0.0
2011-08-09 00:00:00+00:00,0.0
2011-08-10 00:00:00+00:00,0.0
2011-08-11 00:00:00+00:00,0.0
2011-08-12 00:00:00+00:00,0.0
2011-08-15 00:00:00+00:00,0.05190314716508282
2011-08-16 00:00:00+00:00,-0.01977949257259004
2011-08-17 00:00:00+00:00,-0.0037755982403843147
2011-08-18 00:00:00+00:00,-0.013917452622481452
2011-08-19 00:00:00+00:00,-0.018049983914288026
2011-08-22 00:00:00+00:00,0.0
2011-08-23 00:00:00+00:00,0.0
2011-08-24 00:00:00+00:00,-0.0262804245747853
2011-08-25 00:00:00+00:00,0.005245648878963616
2011-08-26 00:00:00+00:00,0.0
2011-08-29 00:00:00+00:00,0.0
2011-08-30 00:00:00+00:00,0.0
2011-08-31 00:00:00+00:00,0.0
2011-09-01 00:00:00+00:00,0.0
2011-09-02 00:00:00+00:00,0.0
2011-09-05 00:00:00+00:00,0.0
2011-09-06 00:00:00+00:00,0.0
2011-09-07 00:00:00+00:00,0.0
2011-09-08 00:00:00+00:00,0.0
2011-09-09 00:00:00+00:00,0.0
2011-09-13 00:00:00+00:00,-0.008003089196923607
2011-09-14 00:00:00+00:00,0.008077793453171722
2011-09-15 00:00:00+00:00,0.0
2011-09-16 00:00:00+00:00,0.0
2011-09-19 00:00:00+00:00,-0.01200705402688862
2011-09-20 00:00:00+00:00,-0.008057035085807018
2011-09-21 00:00:00+00:00,0.0
2011-09-22 00:00:00+00:00,0.0
2011-09-23 00:00:00+00:00,0.008225368632346575
2011-09-26 00:00:00+00:00,-0.0027069243341020233
2011-09-27 00:00:00+00:00,0.002743748652364042
2011-09-28 00:00:00+00:00,0.0
2011-09-29 00:00:00+00:00,0.0
2011-10-10 00:00:00+00:00,-0.02563961252924818
2011-10-11 00:00:00+00:00,0.013917731465193706
2011-10-12 00:00:00+00:00,0.0
2011-10-13 00:00:00+00:00,0.0
2011-10-17 00:00:00+00:00,0.0
2011-10-18 00:00:00+00:00,-0.02317758867383435
2011-10-19 00:00:00+00:00,0.004207427641290451
2011-10-20 00:00:00+00:00,9.1672810076604e-05
2011-10-21 00:00:00+00:00,0.0
2011-10-24 00:00:00+00:00,0.0
2011-10-25 00:00:00+00:00,0.0
2011-10-26 00:00:00+00:00,0.0
2011-10-27 00:00:00+00:00,0.0029041026916183377
2011-10-28 00:00:00+00:00,0.0069482157970457425
2011-10-31 00:00:00+00:00,0.004148459653422698
2011-11-01 00:00:00+00:00,-0.004131321034794522
2011-11-02 00:00:00+00:00,0.0
2011-11-03 00:00:00+00:00,0.00828309110800074
2011-11-04 00:00:00+00:00,0.0041143798701057666
2011-11-08 00:00:00+00:00,0.004083862708020414
2011-11-09 00:00:00+00:00,-0.002720570305535297
2011-11-10 00:00:00+00:00,-0.013612680077821016
2011-11-11 00:00:00+00:00,-0.0012809890281816338
2011-11-14 00:00:00+00:00,0.0
2011-11-15 00:00:00+00:00,0.0
2011-11-16 00:00:00+00:00,-0.016551818786835315
2011-11-17 00:00:00+00:00,0.0
2011-11-18 00:00:00+00:00,-0.018274500283226525
2011-11-21 00:00:00+00:00,0.0029652114685783104
2011-11-22 00:00:00+00:00,0.0
2011-11-23 00:00:00+00:00,0.0
2011-11-24 00:00:00+00:00,0.0
2011-11-25 00:00:00+00:00,-0.005591342044773073
2011-11-28 00:00:00+00:00,-0.0013004406400181079
2011-11-29 00:00:00+00:00,0.0
2011-11-30 00:00:00+00:00,0.0
2011-12-01 00:00:00+00:00,-0.014265825211289385
2011-12-02 00:00:00+00:00,-0.01895876311276734
2011-12-05 00:00:00+00:00,0.0016549350536700924
2011-12-06 00:00:00+00:00,0.0
2011-12-07 00:00:00+00:00,0.0
2011-12-08 00:00:00+00:00,0.0
2011-12-09 00:00:00+00:00,0.0
2011-12-12 00:00:00+00:00,0.0
2011-12-13 00:00:00+00:00,0.0
2011-12-14 00:00:00+00:00,0.0
2011-12-15 00:00:00+00:00,0.0
2011-12-16 00:00:00+00:00,0.0
2011-12-20 00:00:00+00:00,0.0
2011-12-21 00:00:00+00:00,0.0
2011-12-22 00:00:00+00:00,-0.021886442990823984
2011-12-23 00:00:00+00:00,0.010622281516537102
2011-12-26 00:00:00+00:00,0.0048738669716343885
2011-12-27 00:00:00+00:00,0.0
2011-12-28 00:00:00+00:00,0.0
2011-12-29 00:00:00+00:00,0.0
2011-12-30 00:00:00+00:00,0.0
2012-01-04 00:00:00+00:00,0.0
2012-01-05 00:00:00+00:00,-0.026474929656945312
2012-01-06 00:00:00+00:00,0.010744105052323816
2012-01-09 00:00:00+00:00,0.009539928962486233
2012-01-10 00:00:00+00:00,0.0
2012-01-11 00:00:00+00:00,-0.00413142930016186
2012-01-12 00:00:00+00:00,0.001512607767252927
2012-01-13 00:00:00+00:00,-0.019603995662834883
2012-01-16 00:00:00+00:00,-0.011863172167445257
2012-01-17 00:00:00+00:00,0.0
2012-01-18 00:00:00+00:00,0.0
2012-01-19 00:00:00+00:00,0.0
2012-01-20 00:00:00+00:00,0.0066122966217407875
2012-01-30 00:00:00+00:00,-0.003097555177137612
2012-01-31 00:00:00+00:00,0.007752413696137994
2012-02-01 00:00:00+00:00,0.0
2012-02-02 00:00:00+00:00,0.009234414612883324
2012-02-03 00:00:00+00:00,0.006110130520025514
2012-02-06 00:00:00+00:00,-0.0030365117767313654
2012-02-07 00:00:00+00:00,-0.015198343715568607
2012-02-08 00:00:00+00:00,0.01543289820704663
2012-02-09 00:00:00+00:00,-0.0027086250600585338
2012-02-10 00:00:00+00:00,0.0
2012-02-13 00:00:00+00:00,0.007957861925602883
2012-02-14 00:00:00+00:00,0.00454488120180474
2012-02-15 00:00:00+00:00,0.009033556359121508
2012-02-16 00:00:00+00:00,0.011926945040368064
2012-02-17 00:00:00+00:00,-0.013263358336093045
2012-02-20 00:00:00+00:00,0.004475557066900171
2012-02-21 00:00:00+00:00,0.0014901724764369018
2012-02-22 00:00:00+00:00,0.0002729504957612594
2012-02-23 00:00:00+00:00,0.0017515296095913513
2012-02-24 00:00:00+00:00,0.008894839769336471
2012-02-27 00:00:00+00:00,0.007344562851030245
2012-02-28 00:00:00+00:00,0.0627114832265192
2012-02-29 00:00:00+00:00,-0.032928921266688005
2012-03-01 00:00:00+00:00,0.0014217184208189515
2012-03-02 00:00:00+00:00,0.0028252030142614792
2012-03-05 00:00:00+00:00,0.00014946964466600043
2012-03-06 00:00:00+00:00,0.0
2012-03-07 00:00:00+00:00,0.0
2012-03-08 00:00:00+00:00,0.0
2012-03-09 00:00:00+00:00,0.0
2012-03-12 00:00:00+00:00,0.0
2012-03-13 00:00:00+00:00,0.003000213427400311
2012-03-14 00:00:00+00:00,-0.0352249180166847
2012-03-15 00:00:00+00:00,-0.0012236456219766323
2012-03-16 00:00:00+00:00,0.0
2012-03-19 00:00:00+00:00,0.0
2012-03-20 00:00:00+00:00,0.0
2012-03-21 00:00:00+00:00,0.020673182865231787
2012-03-22 00:00:00+00:00,-0.007160196173878086
2012-03-23 00:00:00+00:00,-0.01731418340327706
2012-03-26 00:00:00+00:00,-0.0029414434498378217
2012-03-27 00:00:00+00:00,-0.0012486387403880528
2012-03-28 00:00:00+00:00,0.0
2012-03-29 00:00:00+00:00,0.0
2012-03-30 00:00:00+00:00,0.0
2012-04-05 00:00:00+00:00,0.0
2012-04-06 00:00:00+00:00,0.006143125825571083
2012-04-09 00:00:00+00:00,0.0014678872364328743
2012-04-10 00:00:00+00:00,0.002916814046391325
2012-04-11 00:00:00+00:00,0.010215695271451164
2012-04-12 00:00:00+00:00,0.021657007284566543
2012-04-13 00:00:00+00:00,0.04805995526147755
2012-04-16 00:00:00+00:00,-0.03776306262842477
2012-04-17 00:00:00+00:00,-0.021019635119353564
2012-04-18 00:00:00+00:00,0.0
2012-04-19 00:00:00+00:00,0.004459932976224268
2012-04-20 00:00:00+00:00,0.0
2012-04-23 00:00:00+00:00,0.0
2012-04-24 00:00:00+00:00,-0.011229636051991454
2012-04-25 00:00:00+00:00,0.000198594490528059
2012-04-26 00:00:00+00:00,0.0
2012-04-27 00:00:00+00:00,0.021792457235222384
2012-05-02 00:00:00+00:00,-0.007051036219717588
2012-05-03 00:00:00+00:00,-0.01279337601966335
2012-05-04 00:00:00+00:00,-0.0014415091793863466
2012-05-07 00:00:00+00:00,-0.002694403229946296
2012-05-08 00:00:00+00:00,0.0
2012-05-09 00:00:00+00:00,0.0
2012-05-10 00:00:00+00:00,0.0
2012-05-11 00:00:00+00:00,0.0
2012-05-14 00:00:00+00:00,0.0
2012-05-16 00:00:00+00:00,0.0
2012-05-17 00:00:00+00:00,0.014679693422723128
2012-05-18 00:00:00+00:00,-0.004074908541807032
2012-05-21 00:00:00+00:00,0.0
2012-05-22 00:00:00+00:00,0.00019408827455569266
2012-05-23 00:00:00+00:00,0.010010433764840787
2012-05-24 00:00:00+00:00,-0.01415078073742404
2012-05-25 00:00:00+00:00,-0.00717694981186312
2012-05-28 00:00:00+00:00,-0.0028973269609138264
2012-05-29 00:00:00+00:00,0.00023460992047197315
2012-05-30 00:00:00+00:00,0.0
2012-05-31 00:00:00+00:00,0.0
2012-06-01 00:00:00+00:00,0.006024348041112182
2012-06-04 00:00:00+00:00,-0.028833364808914297
2012-06-05 00:00:00+00:00,-0.002691760586497449
2012-06-06 00:00:00+00:00,0.0
2012-06-07 00:00:00+00:00,0.0
2012-06-08 00:00:00+00:00,0.0
2012-06-11 00:00:00+00:00,0.003242986969496986
2012-06-12 00:00:00+00:00,-0.002717017488829465
2012-06-13 00:00:00+00:00,0.01660910620782219
2012-06-14 00:00:00+00:00,0.0073133458272833796
2012-06-15 00:00:00+00:00,-0.010155619002146676
2012-06-18 00:00:00+00:00,-0.0014698873584160221
2012-06-19 00:00:00+00:00,0.007345535027573735
2012-06-21 00:00:00+00:00,-0.0012574340116026095
2012-06-25 00:00:00+00:00,0.0
2012-06-26 00:00:00+00:00,-0.014418649185571786
2012-06-27 00:00:00+00:00,0.011861651633594539
2012-06-28 00:00:00+00:00,-0.0012653954886145957
2012-06-29 00:00:00+00:00,0.0
2012-07-02 00:00:00+00:00,0.008983839037922436
2012-07-03 00:00:00+00:00,-0.013088884415599744
2012-07-04 00:00:00+00:00,0.0029504950886503067
2012-07-05 00:00:00+00:00,-0.0012862498936165867
2012-07-06 00:00:00+00:00,0.0
2012-07-09 00:00:00+00:00,0.0
2012-07-10 00:00:00+00:00,0.04721443944536152
2012-07-11 00:00:00+00:00,-0.011223069274859054
2012-07-12 00:00:00+00:00,0.014195182103988735
2012-07-13 00:00:00+00:00,-0.02239720370701359
2012-07-16 00:00:00+00:00,-0.008593167378947886
2012-07-17 00:00:00+00:00,-0.01429716558875238
2012-07-18 00:00:00+00:00,0.0
2012-07-19 00:00:00+00:00,0.0
2012-07-20 00:00:00+00:00,0.008913189060014037
2012-07-23 00:00:00+00:00,-0.014535843031752593
2012-07-24 00:00:00+00:00,-0.013258983803132396
2012-07-25 00:00:00+00:00,-0.01177686603362249
2012-07-26 00:00:00+00:00,0.0
2012-07-27 00:00:00+00:00,0.0
2012-07-30 00:00:00+00:00,0.0
2012-07-31 00:00:00+00:00,0.0
2012-08-01 00:00:00+00:00,0.0
2012-08-02 00:00:00+00:00,0.0
2012-08-03 00:00:00+00:00,0.0
2012-08-06 00:00:00+00:00,0.01688221939105361
2012-08-07 00:00:00+00:00,-0.0014890355019715473
2012-08-08 00:00:00+00:00,0.008932623650551141
2012-08-09 00:00:00+00:00,0.004419378896646897
2012-08-10 00:00:00+00:00,-0.002943099613061717
2012-08-13 00:00:00+00:00,-0.010301736686842866
2012-08-14 00:00:00+00:00,-0.002982512070300869
2012-08-15 00:00:00+00:00,-0.007225091024103403
2012-08-16 00:00:00+00:00,0.0
2012-08-17 00:00:00+00:00,0.0
2012-08-20 00:00:00+00:00,0.0
2012-08-21 00:00:00+00:00,0.009213656916568835
2012-08-22 00:00:00+00:00,0.0
2012-08-23 00:00:00+00:00,0.0
2012-08-24 00:00:00+00:00,-0.016391468637671602
2012-08-27 00:00:00+00:00,0.00021478851724077153
2012-08-28 00:00:00+00:00,0.0
2012-08-29 00:00:00+00:00,0.0
2012-08-30 00:00:00+00:00,0.0
2012-08-31 00:00:00+00:00,0.021446137063247273
2012-09-03 00:00:00+00:00,0.004456621519010939
2012-09-04 00:00:00+00:00,0.00885890683810886
2012-09-05 00:00:00+00:00,0.0014659625628929973
2012-09-06 00:00:00+00:00,-0.0029276333249338427
2012-09-07 00:00:00+00:00,0.014651785346470492
2012-09-10 00:00:00+00:00,0.011560849874970636
2012-09-11 00:00:00+00:00,0.001430378487015993
2012-09-12 00:00:00+00:00,-0.0042850062802478606
2012-09-13 00:00:00+00:00,-0.0042891017539328224
2012-09-14 00:00:00+00:00,-0.0028813226700191708
2012-09-17 00:00:00+00:00,-0.0013066991332181255
2012-09-18 00:00:00+00:00,0.0
2012-09-19 00:00:00+00:00,0.0
2012-09-20 00:00:00+00:00,0.0
2012-09-21 00:00:00+00:00,0.0
2012-09-24 00:00:00+00:00,0.0
2012-09-25 00:00:00+00:00,0.0
2012-09-26 00:00:00+00:00,0.0
2012-09-27 00:00:00+00:00,0.0030894593722421426
2012-09-28 00:00:00+00:00,-0.002680409433088893
2012-10-08 00:00:00+00:00,0.0
2012-10-09 00:00:00+00:00,0.0
2012-10-10 00:00:00+00:00,0.0030564645800710277
2012-10-11 00:00:00+00:00,-0.00575249712440018
2012-10-12 00:00:00+00:00,-0.0029001402536830145
2012-10-15 00:00:00+00:00,-0.011605216367333915
2012-10-16 00:00:00+00:00,-0.001257279900757191
2012-10-17 00:00:00+00:00,0.0
2012-10-18 00:00:00+00:00,0.0
2012-10-19 00:00:00+00:00,0.0
2012-10-22 00:00:00+00:00,0.006080726434312345
2012-10-23 00:00:00+00:00,0.0
2012-10-24 00:00:00+00:00,0.013149516563441432
2012-10-25 00:00:00+00:00,-0.0028761596198635386
2012-10-26 00:00:00+00:00,-0.020263664188817865
2012-10-29 00:00:00+00:00,-0.0014794544316495406
2012-10-30 00:00:00+00:00,0.000209682607029249
2012-10-31 00:00:00+00:00,0.0
2012-11-01 00:00:00+00:00,0.0
2012-11-02 00:00:00+00:00,-0.0012924062754364751
2012-11-05 00:00:00+00:00,0.004434925916713128
2012-11-06 00:00:00+00:00,0.01916761458741134
2012-11-07 00:00:00+00:00,-0.013011402074203149
2012-11-08 00:00:00+00:00,-0.011729578458915313
2012-11-09 00:00:00+00:00,0.040033042485976056
2012-11-12 00:00:00+00:00,0.06558651728594644
2012-11-16 00:00:00+00:00,-0.046832449606528215
2012-11-19 00:00:00+00:00,-0.007017061302538319
2012-11-20 00:00:00+00:00,-0.019783783217318773
2012-11-21 00:00:00+00:00,-0.00707982603542312
2012-11-22 00:00:00+00:00,0.0
2012-11-23 00:00:00+00:00,0.0
2012-11-26 00:00:00+00:00,0.0
2012-11-27 00:00:00+00:00,0.0
2012-11-28 00:00:00+00:00,0.0
2012-11-29 00:00:00+00:00,0.0
2012-11-30 00:00:00+00:00,0.0
2012-12-03 00:00:00+00:00,0.0
2012-12-04 00:00:00+00:00,0.0
2012-12-05 00:00:00+00:00,0.0
2012-12-06 00:00:00+00:00,0.0
2012-12-07 00:00:00+00:00,0.0
2012-12-10 00:00:00+00:00,0.001736451884903012
2012-12-11 00:00:00+00:00,-0.010153141031776891
2012-12-12 00:00:00+00:00,-0.002920171177793196
2012-12-13 00:00:00+00:00,-0.008815605063247856
2012-12-14 00:00:00+00:00,-0.007056796501906715
2012-12-17 00:00:00+00:00,0.0
2012-12-18 00:00:00+00:00,-0.0026924896203908144
2012-12-19 00:00:00+00:00,0.004483204386978912
2012-12-20 00:00:00+00:00,-0.0014927073483952391
2012-12-21 00:00:00+00:00,-0.0014949388546089404
2012-12-24 00:00:00+00:00,-0.001482205272314907
2012-12-25 00:00:00+00:00,-0.0012123844157938546
2012-12-26 00:00:00+00:00,0.00026040153718875914
2012-12-27 00:00:00+00:00,0.0029866491081715907
2012-12-28 00:00:00+00:00,0.00448907878955751
2012-12-31 00:00:00+00:00,0.001489672340014403
2013-01-04 00:00:00+00:00,-0.0014874565171837384
2013-01-07 00:00:00+00:00,0.002979344680028584
2013-01-08 00:00:00+00:00,0.004440889356563504
2013-01-09 00:00:00+00:00,0.0029573612388362758
2013-01-10 00:00:00+00:00,0.0073568594000672505
2013-01-11 00:00:00+00:00,-0.0014635533647269217
2013-01-14 00:00:00+00:00,0.008779533971197573
2013-01-15 00:00:00+00:00,0.004344297584907508
2013-01-16 00:00:00+00:00,0.0028933152497274683
2013-01-17 00:00:00+00:00,-0.0014424840637247138
2013-01-18 00:00:00+00:00,0.010097529130288274
2013-01-21 00:00:00+00:00,0.005706207048993273
2013-01-22 00:00:00+00:00,-0.01844350576432785
2013-01-23 00:00:00+00:00,0.030365432918354474
2013-01-24 00:00:00+00:00,-0.018250367369490372
2013-01-25 00:00:00+00:00,-0.005551741513674213
2013-01-28 00:00:00+00:00,0.00872688734805993
2013-01-29 00:00:00+00:00,0.0014277112529375025
2013-01-30 00:00:00+00:00,-0.002837094841115051
2013-01-31 00:00:00+00:00,0.0
2013-02-01 00:00:00+00:00,-0.012853291444852033
2013-02-04 00:00:00+00:00,-0.002769791988532222
2013-02-05 00:00:00+00:00,0.0
2013-02-06 00:00:00+00:00,0.0
2013-02-07 00:00:00+00:00,0.0
2013-02-08 00:00:00+00:00,0.0
2013-02-18 00:00:00+00:00,0.0
2013-02-19 00:00:00+00:00,-0.02017110788129628
2013-02-20 00:00:00+00:00,0.00591425697010739
2013-02-21 00:00:00+00:00,-0.0013120827850234829
2013-02-22 00:00:00+00:00,0.0
2013-02-25 00:00:00+00:00,0.0
2013-02-26 00:00:00+00:00,0.0
2013-02-27 00:00:00+00:00,0.0
2013-02-28 00:00:00+00:00,0.010493042071823
2013-03-01 00:00:00+00:00,-0.0027632535550377035
2013-03-04 00:00:00+00:00,-0.01739546322851737
2013-03-05 00:00:00+00:00,0.01339633075841662
2013-03-06 00:00:00+00:00,0.004396610886467256
2013-03-07 00:00:00+00:00,0.0001399585699211059
2013-03-08 00:00:00+00:00,-0.01010953767906908
2013-03-11 00:00:00+00:00,0.0
2013-03-12 00:00:00+00:00,-0.019194127602501276
2013-03-13 00:00:00+00:00,-0.001324410853221547
2013-03-14 00:00:00+00:00,0.0
2013-03-15 00:00:00+00:00,0.0
2013-03-18 00:00:00+00:00,-0.0073889997685049336
2013-03-19 00:00:00+00:00,-0.001520922586774165
2013-03-20 00:00:00+00:00,-0.0013624157088867328
2013-03-21 00:00:00+00:00,0.0
2013-03-22 00:00:00+00:00,0.0
2013-03-25 00:00:00+00:00,-0.0014129930565720539
2013-03-26 00:00:00+00:00,-0.022866311901259984
2013-03-27 00:00:00+00:00,-0.004689662520629967
2013-03-28 00:00:00+00:00,-0.004517697429930134
2013-03-29 00:00:00+00:00,0.0
2013-04-01 00:00:00+00:00,0.0
2013-04-02 00:00:00+00:00,0.0
2013-04-03 00:00:00+00:00,0.0
2013-04-08 00:00:00+00:00,0.0
2013-04-09 00:00:00+00:00,0.0
2013-04-10 00:00:00+00:00,0.0
2013-04-11 00:00:00+00:00,-0.004494118313782103
2013-04-12 00:00:00+00:00,-0.003153824509856795
2013-04-15 00:00:00+00:00,-0.007682984564109319
2013-04-16 00:00:00+00:00,0.0
2013-04-17 00:00:00+00:00,0.0
2013-04-18 00:00:00+00:00,0.0
2013-04-19 00:00:00+00:00,0.0
2013-04-22 00:00:00+00:00,0.0
2013-04-23 00:00:00+00:00,0.0
2013-04-24 00:00:00+00:00,0.001899264451586724
2013-04-25 00:00:00+00:00,-0.0013089779261251655
2013-04-26 00:00:00+00:00,0.0
2013-05-02 00:00:00+00:00,0.0
2013-05-03 00:00:00+00:00,0.0
2013-05-06 00:00:00+00:00,0.0
2013-05-07 00:00:00+00:00,0.005081371533501633
2013-05-08 00:00:00+00:00,0.0031862469347110345
2013-05-09 00:00:00+00:00,0.06657162212460843
2013-05-10 00:00:00+00:00,-0.00594087940559751
2013-05-13 00:00:00+00:00,-0.011952768769014965
2013-05-14 00:00:00+00:00,0.025725851800841637
2013-05-15 00:00:00+00:00,0.0
2013-05-16 00:00:00+00:00,-0.01476461435965315
2013-05-17 00:00:00+00:00,0.0
2013-05-20 00:00:00+00:00,0.0015000875901143296
2013-05-21 00:00:00+00:00,-0.004344337160106626
2013-05-22 00:00:00+00:00,0.0
2013-05-23 00:00:00+00:00,0.0
2013-05-24 00:00:00+00:00,0.0
2013-05-27 00:00:00+00:00,0.0
2013-05-28 00:00:00+00:00,0.0
2013-05-29 00:00:00+00:00,-0.002855937894776339
2013-05-30 00:00:00+00:00,-0.01054570763146534
2013-05-31 00:00:00+00:00,0.004574293944006769
2013-06-03 00:00:00+00:00,-0.0013484934982286312
2013-06-04 00:00:00+00:00,0.0
2013-06-05 00:00:00+00:00,0.0
2013-06-06 00:00:00+00:00,0.0
2013-06-07 00:00:00+00:00,0.0
2013-06-13 00:00:00+00:00,0.0
2013-06-14 00:00:00+00:00,0.0
2013-06-17 00:00:00+00:00,0.0
2013-06-18 00:00:00+00:00,0.0
2013-06-19 00:00:00+00:00,-0.004289866921291852
2013-06-20 00:00:00+00:00,-0.013722510026896062
2013-06-21 00:00:00+00:00,-0.0027835851030946213
2013-06-24 00:00:00+00:00,0.0
2013-06-25 00:00:00+00:00,0.0
2013-06-26 00:00:00+00:00,0.0
2013-06-27 00:00:00+00:00,0.0
2013-06-28 00:00:00+00:00,0.0
2013-07-01 00:00:00+00:00,0.0
2013-07-02 00:00:00+00:00,-0.001149549481206602
2013-07-03 00:00:00+00:00,-0.0027015282256327433
2013-07-04 00:00:00+00:00,0.008193843149404634
2013-07-05 00:00:00+00:00,0.001545310162911484
2013-07-08 00:00:00+00:00,-0.005753107668699409
2013-07-09 00:00:00+00:00,0.0
2013-07-10 00:00:00+00:00,0.0
2013-07-11 00:00:00+00:00,0.0
2013-07-12 00:00:00+00:00,0.0
2013-07-15 00:00:00+00:00,-0.0027105920760047697
2013-07-16 00:00:00+00:00,0.0015560717218354725
2013-07-17 00:00:00+00:00,-0.009306388206273719
2013-07-18 00:00:00+00:00,-0.0011521924354259694
2013-07-19 00:00:00+00:00,0.0
2013-07-22 00:00:00+00:00,0.0
2013-07-23 00:00:00+00:00,0.0
2013-07-24 00:00:00+00:00,0.0
2013-07-25 00:00:00+00:00,0.011397521067036509
2013-07-26 00:00:00+00:00,-0.003104729512083959
2013-07-29 00:00:00+00:00,-0.009327624640189547
2013-07-30 00:00:00+00:00,0.0
2013-07-31 00:00:00+00:00,0.005126310833974523
2013-08-01 00:00:00+00:00,0.0
2013-08-02 00:00:00+00:00,-0.0074199100539245055
2013-08-05 00:00:00+00:00,0.007861918370473564
2013-08-06 00:00:00+00:00,0.0171644261671271
2013-08-07 00:00:00+00:00,-0.007668957507735774
2013-08-08 00:00:00+00:00,-0.0061794824641620005
2013-08-09 00:00:00+00:00,0.05910906540448457
2013-08-12 00:00:00+00:00,0.005870883469672794
2013-08-13 00:00:00+00:00,0.010225051481451919
2013-08-14 00:00:00+00:00,-0.014451094296807576
2013-08-15 00:00:00+00:00,-0.004407712591985469
2013-08-16 00:00:00+00:00,-0.02061611822725473
2013-08-19 00:00:00+00:00,0.0062915808954633334
2013-08-20 00:00:00+00:00,0.0
2013-08-21 00:00:00+00:00,0.0
2013-08-22 00:00:00+00:00,0.0
2013-08-23 00:00:00+00:00,0.0002956138965664046
2013-08-26 00:00:00+00:00,-0.0026983599489842636
2013-08-27 00:00:00+00:00,0.0
2013-08-28 00:00:00+00:00,-0.011732575439706183
2013-08-29 00:00:00+00:00,0.003037626102491142
2013-08-30 00:00:00+00:00,-0.0030284268739692033
2013-09-02 00:00:00+00:00,0.004828974967652222
2013-09-03 00:00:00+00:00,0.0
2013-09-04 00:00:00+00:00,-0.0027396795638712224
2013-09-05 00:00:00+00:00,-0.004546999285120812
2013-09-06 00:00:00+00:00,-0.004552543030743261
2013-09-09 00:00:00+00:00,-0.0012367659633100159
2013-09-10 00:00:00+00:00,0.0
2013-09-11 00:00:00+00:00,0.0
2013-09-12 00:00:00+00:00,-0.0012841489718171673
2013-09-13 00:00:00+00:00,0.006118330536689198
2013-09-16 00:00:00+00:00,-0.01216224841749014
2013-09-17 00:00:00+00:00,-0.013870274332735133
2013-09-18 00:00:00+00:00,0.0002901313958529883
2013-09-23 00:00:00+00:00,0.0
2013-09-24 00:00:00+00:00,0.0
2013-09-25 00:00:00+00:00,0.0
2013-09-26 00:00:00+00:00,-0.01688380273208734
2013-09-27 00:00:00+00:00,-0.0012641803456198142
2013-09-30 00:00:00+00:00,0.0
2013-10-08 00:00:00+00:00,0.0
2013-10-09 00:00:00+00:00,-0.0012912044534064693
2013-10-10 00:00:00+00:00,0.01114931403805497
2013-10-11 00:00:00+00:00,0.004732350855230605
2013-10-14 00:00:00+00:00,0.0031243405914329614
2013-10-15 00:00:00+00:00,0.014070522271492525
2013-10-16 00:00:00+00:00,-0.023120338118739148
2013-10-17 00:00:00+00:00,-0.003144085706196398
2013-10-18 00:00:00+00:00,-0.006042624358025828
2013-10-21 00:00:00+00:00,0.0
2013-10-22 00:00:00+00:00,0.0
2013-10-23 00:00:00+00:00,0.0
2013-10-24 00:00:00+00:00,-0.007667574333333094
2013-10-25 00:00:00+00:00,-0.0028901056984436124
2013-10-28 00:00:00+00:00,0.0
2013-10-29 00:00:00+00:00,0.0
2013-10-30 00:00:00+00:00,0.0
2013-10-31 00:00:00+00:00,0.0
2013-11-01 00:00:00+00:00,-0.001286943172026711
2013-11-04 00:00:00+00:00,0.00806808039874407
2013-11-05 00:00:00+00:00,0.0015846944765072202
2013-11-06 00:00:00+00:00,0.0
2013-11-07 00:00:00+00:00,-0.0031803560752233784
2013-11-08 00:00:00+00:00,-0.020810416623578742
2013-11-11 00:00:00+00:00,-0.0012781416041789395
2013-11-12 00:00:00+00:00,0.0
2013-11-13 00:00:00+00:00,0.0
2013-11-14 00:00:00+00:00,0.0
2013-11-15 00:00:00+00:00,0.0
2013-11-18 00:00:00+00:00,0.0
2013-11-19 00:00:00+00:00,-0.0012994177965612863
2013-11-20 00:00:00+00:00,0.0
2013-11-21 00:00:00+00:00,0.0
2013-11-22 00:00:00+00:00,-0.004924710371216778
2013-11-25 00:00:00+00:00,-0.004573975661860685
2013-11-26 00:00:00+00:00,0.026793856535626714
2013-11-27 00:00:00+00:00,-0.012879948805592845
2013-11-28 00:00:00+00:00,0.001618737643635848
2013-11-29 00:00:00+00:00,0.0016324460270900065
2013-12-02 00:00:00+00:00,-0.02765745976939704
2013-12-03 00:00:00+00:00,0.00034763213239230595
2013-12-04 00:00:00+00:00,0.0
2013-12-05 00:00:00+00:00,0.0
2013-12-06 00:00:00+00:00,0.001979541133578566
2013-12-09 00:00:00+00:00,-0.0016722505900954587
2013-12-10 00:00:00+00:00,0.0033501033925660284
2013-12-11 00:00:00+00:00,-0.011669517267629992
2013-12-12 00:00:00+00:00,-0.0030381085342815473
2013-12-13 00:00:00+00:00,0.0
2013-12-16 00:00:00+00:00,0.0
2013-12-17 00:00:00+00:00,0.0
2013-12-18 00:00:00+00:00,0.0
2013-12-19 00:00:00+00:00,0.0
2013-12-20 00:00:00+00:00,-0.006425871072689104
2013-12-23 00:00:00+00:00,0.0034105520981273507
2013-12-24 00:00:00+00:00,-0.008110971685781343
2013-12-25 00:00:00+00:00,0.0
2013-12-26 00:00:00+00:00,-0.018522565261246293
2013-12-27 00:00:00+00:00,0.017439663912712566
2013-12-30 00:00:00+00:00,0.005130210050016126
2013-12-31 00:00:00+00:00,-0.001707031882268617
2014-01-02 00:00:00+00:00,-0.0034028021374521433
2014-01-03 00:00:00+00:00,0.018839366671966173
2014-01-06 00:00:00+00:00,-0.008420313203990837
2014-01-07 00:00:00+00:00,0.001698363392497182
2014-01-08 00:00:00+00:00,-0.010155948230367584
2014-08-21 00:00:00+00:00,0.06855904024195181
2014-08-22 00:00:00+00:00,0.04970786153463558
2014-08-25 00:00:00+00:00,-0.021333215076770995
2014-08-26 00:00:00+00:00,-0.02647932432878186
2014-08-27 00:00:00+00:00,-0.017598766021969525
2014-08-28 00:00:00+00:00,-0.0014853309375738588
2014-08-29 00:00:00+00:00,0.0
2014-09-01 00:00:00+00:00,0.0
2014-09-02 00:00:00+00:00,0.0
2014-09-03 00:00:00+00:00,0.005005808825761626
2014-09-04 00:00:00+00:00,0.003251606269109697
2014-09-05 00:00:00+00:00,0.004861601390106607
2014-09-09 00:00:00+00:00,0.0032092601120159436
2014-09-10 00:00:00+00:00,0.014451735399430898
2014-09-11 00:00:00+00:00,-0.00475390145561605
2014-09-12 00:00:00+00:00,0.022258997865524544
2014-09-15 00:00:00+00:00,0.04197553731101933
2014-09-16 00:00:00+00:00,0.020882206091320077
2014-09-17 00:00:00+00:00,0.051159611516107706
2014-09-18 00:00:00+00:00,-0.02224541887148679
2014-09-19 00:00:00+00:00,-0.00568432247620132
2014-09-22 00:00:00+00:00,-0.0028655732918941856
2014-09-23 00:00:00+00:00,-0.005862684089340653
2014-09-24 00:00:00+00:00,0.0
2014-09-25 00:00:00+00:00,0.0
2014-09-26 00:00:00+00:00,-0.003075735465416063
2014-09-29 00:00:00+00:00,-0.01448387473544821
2014-09-30 00:00:00+00:00,0.005884580774227155
2014-10-08 00:00:00+00:00,-0.0014625387660524014
2014-10-09 00:00:00+00:00,-0.0016434012843727919
2014-10-10 00:00:00+00:00,0.0
2014-10-13 00:00:00+00:00,0.0
2014-10-14 00:00:00+00:00,0.0
2014-10-15 00:00:00+00:00,0.0
2014-10-16 00:00:00+00:00,0.0
2014-10-17 00:00:00+00:00,0.0
2014-10-20 00:00:00+00:00,0.0
2014-10-21 00:00:00+00:00,0.0
2014-10-22 00:00:00+00:00,0.0
2014-10-23 00:00:00+00:00,-0.02055125862257612
2014-10-24 00:00:00+00:00,0.0014586308300634787
2014-10-27 00:00:00+00:00,0.0
2014-10-28 00:00:00+00:00,0.0
2014-10-29 00:00:00+00:00,0.03424219746809598
2014-10-30 00:00:00+00:00,0.05486781657500894
2014-10-31 00:00:00+00:00,0.0
2014-11-03 00:00:00+00:00,0.0807353743667365
2014-11-04 00:00:00+00:00,0.01267267888659629
2014-11-05 00:00:00+00:00,-0.007503444444271756
2014-11-06 00:00:00+00:00,0.03149019795331642
2014-11-07 00:00:00+00:00,-0.029317474031888113
2014-11-10 00:00:00+00:00,-0.025160719770038087
2014-11-11 00:00:00+00:00,-0.0016393306106328165
2014-11-12 00:00:00+00:00,0.0
2014-11-13 00:00:00+00:00,0.0
2014-11-14 00:00:00+00:00,0.0
2014-11-17 00:00:00+00:00,0.0
2014-11-18 00:00:00+00:00,0.0
2014-11-19 00:00:00+00:00,0.0
2014-11-20 00:00:00+00:00,-0.0015773652694797136
2014-11-21 00:00:00+00:00,0.002594523552332584
2014-11-24 00:00:00+00:00,-0.001293904709921967
2014-11-25 00:00:00+00:00,0.003886743205104848
2014-11-26 00:00:00+00:00,0.03349016106818725
2014-11-27 00:00:00+00:00,-0.009964979714647826
2014-11-28 00:00:00+00:00,-0.017633159744671834
2014-12-01 00:00:00+00:00,-0.010258788006498487
2014-12-02 00:00:00+00:00,0.0023041444763554075
2014-12-03 00:00:00+00:00,0.0
2014-12-04 00:00:00+00:00,0.0
2014-12-05 00:00:00+00:00,-0.023578926332971983
2014-12-08 00:00:00+00:00,-0.004254779346267723
2014-12-09 00:00:00+00:00,0.0
2014-12-10 00:00:00+00:00,0.0
2014-12-11 00:00:00+00:00,0.0
2014-12-12 00:00:00+00:00,0.0420530569275992
2014-12-15 00:00:00+00:00,-0.0076520836943267945
2014-12-16 00:00:00+00:00,0.00899841674209112
2014-12-17 00:00:00+00:00,0.0904192447059895
2014-12-18 00:00:00+00:00,0.09110020071997438
2014-12-19 00:00:00+00:00,0.04068530961777994
2014-12-22 00:00:00+00:00,0.010283747766994367
2014-12-23 00:00:00+00:00,-0.0926519648275026
2014-12-24 00:00:00+00:00,-0.008981531228997586
2014-12-25 00:00:00+00:00,-0.005214485643206812
2014-12-26 00:00:00+00:00,0.0
2014-12-29 00:00:00+00:00,0.0
2014-12-30 00:00:00+00:00,-0.06783589939779455
2014-12-31 00:00:00+00:00,-0.0030156950450492825
2015-01-05 00:00:00+00:00,0.0
2015-01-06 00:00:00+00:00,0.0
2015-01-07 00:00:00+00:00,0.0
2015-01-08 00:00:00+00:00,0.0
2015-01-09 00:00:00+00:00,0.0
2015-01-12 00:00:00+00:00,0.0
2015-01-13 00:00:00+00:00,0.0
2015-01-14 00:00:00+00:00,0.0
2015-01-15 00:00:00+00:00,0.0
2015-01-16 00:00:00+00:00,0.0
2015-01-19 00:00:00+00:00,0.0
2015-01-20 00:00:00+00:00,0.022600513696222624
2015-01-21 00:00:00+00:00,0.0052776658972404356
2015-01-22 00:00:00+00:00,0.0
2015-01-23 00:00:00+00:00,0.0
2015-01-26 00:00:00+00:00,0.0
2015-01-27 00:00:00+00:00,0.0
2015-01-28 00:00:00+00:00,0.0
2015-01-29 00:00:00+00:00,0.0
2015-01-30 00:00:00+00:00,0.0
2015-02-02 00:00:00+00:00,0.0
2015-02-03 00:00:00+00:00,0.0
2015-02-04 00:00:00+00:00,0.0
2015-02-05 00:00:00+00:00,0.0
2015-02-06 00:00:00+00:00,0.0
2015-02-09 00:00:00+00:00,0.0
2015-02-10 00:00:00+00:00,0.0
2015-02-11 00:00:00+00:00,0.0
2015-02-12 00:00:00+00:00,0.0
2015-02-13 00:00:00+00:00,0.011248355844828417
2015-02-16 00:00:00+00:00,-0.005889282480744384
2015-02-17 00:00:00+00:00,0.009473925726274368
2015-02-25 00:00:00+00:00,-0.012913213117199618
2015-02-26 00:00:00+00:00,0.0380549847109275
2015-02-27 00:00:00+00:00,-0.0011362959959706487
2015-03-02 00:00:00+00:00,0.01720171903201617
2015-03-03 00:00:00+00:00,-0.021429413984264012
2015-03-04 00:00:00+00:00,-0.0022972268454714007
2015-03-05 00:00:00+00:00,-0.01155886297165798
2015-03-06 00:00:00+00:00,0.0074715855490601335
2015-03-09 00:00:00+00:00,0.0
2015-03-10 00:00:00+00:00,0.010790497158765566
2015-03-11 00:00:00+00:00,0.04016314928748366
2015-03-12 00:00:00+00:00,-0.027572360316709843
2015-03-13 00:00:00+00:00,-0.019285368564758154
2015-03-16 00:00:00+00:00,0.016188248119839876
2015-03-17 00:00:00+00:00,-0.001971556375982564
2015-03-18 00:00:00+00:00,0.0
2015-03-19 00:00:00+00:00,0.0
2015-03-20 00:00:00+00:00,0.0
2015-03-23 00:00:00+00:00,0.0
2015-03-24 00:00:00+00:00,0.0
2015-03-25 00:00:00+00:00,0.0
2015-03-26 00:00:00+00:00,0.0
2015-03-27 00:00:00+00:00,0.0
2015-03-30 00:00:00+00:00,0.0
2015-03-31 00:00:00+00:00,0.0
2015-04-01 00:00:00+00:00,0.0
2015-04-02 00:00:00+00:00,0.0
2015-04-03 00:00:00+00:00,0.0
2015-04-07 00:00:00+00:00,0.0
2015-04-08 00:00:00+00:00,0.0
2015-04-09 00:00:00+00:00,0.0
2015-04-10 00:00:00+00:00,0.0
2015-04-13 00:00:00+00:00,0.0
2015-04-14 00:00:00+00:00,0.0
2015-04-15 00:00:00+00:00,0.0
2015-04-16 00:00:00+00:00,0.0
2015-04-17 00:00:00+00:00,0.0
2015-04-20 00:00:00+00:00,0.0
2015-04-21 00:00:00+00:00,0.0
2015-04-22 00:00:00+00:00,0.0
2015-04-23 00:00:00+00:00,0.0
2015-04-24 00:00:00+00:00,0.0
2015-04-27 00:00:00+00:00,0.0
2015-04-28 00:00:00+00:00,0.0
2015-04-29 00:00:00+00:00,0.0
2015-04-30 00:00:00+00:00,0.0
2015-05-04 00:00:00+00:00,0.0
2015-05-05 00:00:00+00:00,0.0
2015-05-06 00:00:00+00:00,0.0
2015-05-07 00:00:00+00:00,0.0
2015-05-08 00:00:00+00:00,0.0
2015-05-11 00:00:00+00:00,0.0
2015-05-12 00:00:00+00:00,0.0
2015-05-13 00:00:00+00:00,0.0
2015-05-14 00:00:00+00:00,0.0
2015-05-15 00:00:00+00:00,0.0
2015-05-18 00:00:00+00:00,0.0
2015-05-19 00:00:00+00:00,0.0
2015-05-20 00:00:00+00:00,0.0
2015-05-21 00:00:00+00:00,0.0
2015-05-22 00:00:00+00:00,0.0
2015-05-25 00:00:00+00:00,0.0
2015-05-26 00:00:00+00:00,0.0
2015-05-27 00:00:00+00:00,0.0
2015-05-28 00:00:00+00:00,0.0
2015-05-29 00:00:00+00:00,0.0
2015-06-01 00:00:00+00:00,0.0
2015-06-02 00:00:00+00:00,0.0
2015-06-03 00:00:00+00:00,0.0
2015-06-04 00:00:00+00:00,0.0
2015-06-05 00:00:00+00:00,0.0
2015-06-08 00:00:00+00:00,0.0
2015-06-09 00:00:00+00:00,0.0
2015-06-10 00:00:00+00:00,0.0
2015-06-11 00:00:00+00:00,0.0
2015-06-12 00:00:00+00:00,0.0
2015-06-15 00:00:00+00:00,0.0
2015-06-16 00:00:00+00:00,0.0
2015-06-17 00:00:00+00:00,0.0
2015-06-18 00:00:00+00:00,0.0
2015-06-19 00:00:00+00:00,0.0
2015-06-23 00:00:00+00:00,0.0
2015-06-24 00:00:00+00:00,0.0
2015-06-25 00:00:00+00:00,0.0
2015-06-26 00:00:00+00:00,0.0
2015-06-29 00:00:00+00:00,0.0
2015-06-30 00:00:00+00:00,0.0
2015-07-01 00:00:00+00:00,0.0
2015-07-02 00:00:00+00:00,0.0
2015-07-03 00:00:00+00:00,0.0
2015-07-06 00:00:00+00:00,0.0
2015-07-07 00:00:00+00:00,0.0
2015-07-08 00:00:00+00:00,0.0
2015-07-09 00:00:00+00:00,0.0
2015-07-10 00:00:00+00:00,0.0
2015-07-13 00:00:00+00:00,0.0
2015-07-14 00:00:00+00:00,0.0
2015-07-15 00:00:00+00:00,0.0
2015-07-16 00:00:00+00:00,0.0
2015-07-17 00:00:00+00:00,0.0
2015-07-20 00:00:00+00:00,0.0
2015-07-21 00:00:00+00:00,0.0
2015-07-22 00:00:00+00:00,0.0
2015-07-23 00:00:00+00:00,0.0
2015-07-24 00:00:00+00:00,0.0
2015-07-27 00:00:00+00:00,0.0
2015-07-28 00:00:00+00:00,0.0
2015-07-29 00:00:00+00:00,0.0
2015-07-30 00:00:00+00:00,0.0
2015-07-31 00:00:00+00:00,0.0
2015-08-03 00:00:00+00:00,0.0
2015-08-04 00:00:00+00:00,0.0
2015-08-05 00:00:00+00:00,0.0
2015-08-06 00:00:00+00:00,0.0
2015-08-07 00:00:00+00:00,0.043663714409282406
2015-08-10 00:00:00+00:00,0.0896184679292662
2015-08-11 00:00:00+00:00,0.0030041561847737874
2015-08-12 00:00:00+00:00,0.02899994370304526
2015-08-13 00:00:00+00:00,0.036934358669031386
2015-08-14 00:00:00+00:00,0.09839764213675983
2015-08-17 00:00:00+00:00,0.027299663292756682
2015-08-18 00:00:00+00:00,-0.09883371391953766
2015-08-19 00:00:00+00:00,0.009223288332180335
2015-08-20 00:00:00+00:00,-0.021004140633333446
2015-08-21 00:00:00+00:00,-0.05224506142925833
2015-08-24 00:00:00+00:00,0.0
2015-08-25 00:00:00+00:00,0.0
2015-08-26 00:00:00+00:00,0.0
2015-08-27 00:00:00+00:00,0.0
2015-08-28 00:00:00+00:00,0.0
2015-08-31 00:00:00+00:00,0.0
2015-09-01 00:00:00+00:00,-0.07542452120209653
2015-09-02 00:00:00+00:00,-0.06812063050356953
2015-09-07 00:00:00+00:00,0.01896448414155638
2015-09-08 00:00:00+00:00,0.0
2015-09-09 00:00:00+00:00,0.0
2015-09-10 00:00:00+00:00,-0.0005585773552034823
2015-09-11 00:00:00+00:00,0.015708865946852946
2015-09-14 00:00:00+00:00,-0.056321150256885555
2015-09-15 00:00:00+00:00,-0.046036374813851144
2015-09-16 00:00:00+00:00,0.0
2015-09-17 00:00:00+00:00,0.0
2015-09-18 00:00:00+00:00,0.0
2015-09-21 00:00:00+00:00,0.035112335007316586
2015-09-22 00:00:00+00:00,0.011848283560055295
2015-09-23 00:00:00+00:00,-0.026938994558346363
2015-09-24 00:00:00+00:00,0.016856856948588073
2015-09-25 00:00:00+00:00,-0.033142969759500596
2015-09-28 00:00:00+00:00,0.0007388828159522465
2015-09-29 00:00:00+00:00,0.0
2015-09-30 00:00:00+00:00,0.0
2015-10-08 00:00:00+00:00,0.0
2015-10-09 00:00:00+00:00,0.02637422696776448
2015-10-12 00:00:00+00:00,0.038137809793584276
2015-10-13 00:00:00+00:00,0.03444789230082135
2015-10-14 00:00:00+00:00,-0.02109232914129322
2015-10-15 00:00:00+00:00,0.0351541118782166
2015-10-16 00:00:00+00:00,0.04052189746061674
2015-10-19 00:00:00+00:00,-0.019993902703300148
2015-10-20 00:00:00+00:00,0.007510794615169347
2015-10-21 00:00:00+00:00,-0.08848573617409028
2015-10-22 00:00:00+00:00,-0.0017778473508571757
2015-10-23 00:00:00+00:00,0.0
2015-10-26 00:00:00+00:00,0.0
2015-10-27 00:00:00+00:00,0.0
2015-10-28 00:00:00+00:00,0.0
2015-10-29 00:00:00+00:00,0.0
2015-10-30 00:00:00+00:00,0.0
2015-11-02 00:00:00+00:00,0.0
2015-11-03 00:00:00+00:00,0.0
2015-11-04 00:00:00+00:00,0.0
2015-11-05 00:00:00+00:00,0.0
2015-11-06 00:00:00+00:00,0.0
2015-11-09 00:00:00+00:00,0.0
2015-11-10 00:00:00+00:00,0.0
2015-11-11 00:00:00+00:00,0.0
2015-11-12 00:00:00+00:00,0.0
2015-11-13 00:00:00+00:00,0.0
2015-11-16 00:00:00+00:00,0.0
2015-11-17 00:00:00+00:00,0.0
2015-11-18 00:00:00+00:00,0.0
2015-11-19 00:00:00+00:00,0.0
2015-11-20 00:00:00+00:00,0.0
2015-11-23 00:00:00+00:00,0.0
2015-11-24 00:00:00+00:00,0.0
2015-11-25 00:00:00+00:00,0.0
2015-11-26 00:00:00+00:00,0.0
2015-11-27 00:00:00+00:00,0.0
2015-11-30 00:00:00+00:00,0.0
2015-12-01 00:00:00+00:00,0.0
2015-12-02 00:00:00+00:00,0.0
2015-12-03 00:00:00+00:00,0.0
2015-12-04 00:00:00+00:00,0.0
2015-12-07 00:00:00+00:00,0.0
2015-12-08 00:00:00+00:00,0.0
2015-12-09 00:00:00+00:00,0.0
2015-12-10 00:00:00+00:00,0.0
2015-12-11 00:00:00+00:00,0.0
2015-12-14 00:00:00+00:00,0.0
2015-12-15 00:00:00+00:00,0.0
2015-12-16 00:00:00+00:00,0.0
2015-12-17 00:00:00+00:00,0.0
2015-12-18 00:00:00+00:00,0.0
2015-12-21 00:00:00+00:00,0.0
2015-12-22 00:00:00+00:00,0.0
2015-12-23 00:00:00+00:00,0.0
2015-12-24 00:00:00+00:00,0.0
2015-12-25 00:00:00+00:00,0.0
2015-12-28 00:00:00+00:00,0.0
2015-12-29 00:00:00+00:00,0.0
2015-12-30 00:00:00+00:00,0.0
2015-12-31 00:00:00+00:00,0.0
2016-01-04 00:00:00+00:00,0.0
2016-01-05 00:00:00+00:00,0.0
2016-01-06 00:00:00+00:00,0.0
2016-01-07 00:00:00+00:00,0.0
2016-01-08 00:00:00+00:00,0.0
2016-01-11 00:00:00+00:00,0.0
2016-01-12 00:00:00+00:00,0.0
2016-01-13 00:00:00+00:00,0.0
2016-01-14 00:00:00+00:00,0.0
2016-01-15 00:00:00+00:00,0.0
2016-01-18 00:00:00+00:00,0.0
2016-01-19 00:00:00+00:00,0.0
2016-01-20 00:00:00+00:00,0.0
2016-01-21 00:00:00+00:00,0.0
2016-01-22 00:00:00+00:00,0.023784489123188646
2016-01-25 00:00:00+00:00,0.020602959777404672
2016-01-26 00:00:00+00:00,-0.03221048342888333
2016-01-27 00:00:00+00:00,0.0
2016-01-28 00:00:00+00:00,0.0
2016-01-29 00:00:00+00:00,0.0
2016-02-01 00:00:00+00:00,0.0
2016-02-02 00:00:00+00:00,0.0
2016-02-03 00:00:00+00:00,0.06066257642961226
2016-02-04 00:00:00+00:00,0.0961299866527714
2016-02-05 00:00:00+00:00,-0.0378693053495438
2016-02-15 00:00:00+00:00,0.015534319254480122
2016-02-16 00:00:00+00:00,0.04590030474246398
2016-02-17 00:00:00+00:00,0.05461316421111606
2016-02-18 00:00:00+00:00,0.035147114017108017
2016-02-19 00:00:00+00:00,0.05270257346961604
2016-02-22 00:00:00+00:00,-0.02121070644370404
2016-02-23 00:00:00+00:00,-0.02514455426192197
2016-02-24 00:00:00+00:00,0.023120249334470877
2016-02-25 00:00:00+00:00,-0.014079524724473713
2016-02-26 00:00:00+00:00,0.0
2016-02-29 00:00:00+00:00,0.0
2016-03-01 00:00:00+00:00,0.0
2016-03-02 00:00:00+00:00,0.0
2016-03-03 00:00:00+00:00,0.0
2016-03-04 00:00:00+00:00,0.011488916789178738
2016-03-07 00:00:00+00:00,0.06188535538383522
2016-03-08 00:00:00+00:00,-0.0254429892509207
2016-03-09 00:00:00+00:00,-0.028638641503004547
2016-03-10 00:00:00+00:00,-0.04596185133329489
2016-03-11 00:00:00+00:00,-0.0017287676908593896
2016-03-14 00:00:00+00:00,0.0
2016-03-15 00:00:00+00:00,0.0
2016-03-16 00:00:00+00:00,0.0
2016-03-17 00:00:00+00:00,0.030170013695458353
2016-03-18 00:00:00+00:00,0.029164876769010473
2016-03-21 00:00:00+00:00,0.029198694396811664
2016-03-22 00:00:00+00:00,0.0
2016-03-23 00:00:00+00:00,-0.0033352259695839104
2016-03-24 00:00:00+00:00,-0.013393934639310046
2016-03-25 00:00:00+00:00,0.0008500793727610478
2016-03-28 00:00:00+00:00,0.01858704750083673
2016-03-29 00:00:00+00:00,0.0
2016-03-30 00:00:00+00:00,0.0
2016-03-31 00:00:00+00:00,0.0
2016-04-05 00:00:00+00:00,0.0
2016-04-06 00:00:00+00:00,-0.0031893248782318695
2016-04-07 00:00:00+00:00,-0.0031928370056365507
2016-04-08 00:00:00+00:00,0.0
2016-04-11 00:00:00+00:00,0.0
2016-04-12 00:00:00+00:00,0.0
2016-04-13 00:00:00+00:00,0.0
2016-04-14 00:00:00+00:00,0.026892634797681225
2016-04-15 00:00:00+00:00,0.039970639273128494
2016-04-18 00:00:00+00:00,0.0392202107411701
2016-04-19 00:00:00+00:00,-0.008302657232932331
2016-04-20 00:00:00+00:00,-0.02815885081022984
2016-04-21 00:00:00+00:00,0.005476407518721471
2016-04-22 00:00:00+00:00,-0.00939368033498611
2016-04-25 00:00:00+00:00,0.0
2016-04-26 00:00:00+00:00,-0.034040130860357065
2016-04-27 00:00:00+00:00,0.01627679183584818
2016-04-28 00:00:00+00:00,0.006411254896184548
2016-04-29 00:00:00+00:00,-0.0007972981924261324
2016-05-03 00:00:00+00:00,0.007165450768932713
2016-05-04 00:00:00+00:00,-0.01739797474264071
2016-05-05 00:00:00+00:00,0.003217078075856472
2016-05-06 00:00:00+00:00,0.007000240177608585
2016-05-09 00:00:00+00:00,0.0
2016-05-10 00:00:00+00:00,0.0
2016-05-11 00:00:00+00:00,0.0
2016-05-12 00:00:00+00:00,0.0
2016-05-13 00:00:00+00:00,0.0
2016-05-16 00:00:00+00:00,0.031694571213559675
2016-05-17 00:00:00+00:00,0.016995859260979573
2016-05-18 00:00:00+00:00,-0.034929773052318924
2016-05-19 00:00:00+00:00,0.02596322050498534
2016-05-20 00:00:00+00:00,0.006130643553167392
2016-05-23 00:00:00+00:00,-0.007095030396953916
2016-05-24 00:00:00+00:00,0.012807438587031816
2016-05-25 00:00:00+00:00,-0.017433561388512597
2016-05-26 00:00:00+00:00,-0.00231059321675664
2016-05-27 00:00:00+00:00,-0.01181672300556491
2016-05-30 00:00:00+00:00,0.0
2016-11-21 00:00:00+00:00,-0.012044076081248134
2016-11-22 00:00:00+00:00,-0.006339115347019031
2016-11-23 00:00:00+00:00,0.0031857858316433063
2016-11-24 00:00:00+00:00,-0.009807054320905784
2016-11-25 00:00:00+00:00,0.0
2016-11-28 00:00:00+00:00,0.0
2016-11-29 00:00:00+00:00,0.0
2016-11-30 00:00:00+00:00,0.0
2016-12-01 00:00:00+00:00,0.0
2016-12-02 00:00:00+00:00,-0.04035503780633276
2016-12-05 00:00:00+00:00,-0.03762457843845968
2016-12-06 00:00:00+00:00,0.0017406737009495465
2016-12-07 00:00:00+00:00,-0.0018282500409519953
2016-12-08 00:00:00+00:00,0.0
2016-12-09 00:00:00+00:00,0.0
2016-12-12 00:00:00+00:00,-0.047892229705458034
2016-12-13 00:00:00+00:00,0.0027093014889831846
2016-12-14 00:00:00+00:00,0.0
2016-12-15 00:00:00+00:00,0.0
2016-12-16 00:00:00+00:00,0.0
2016-12-19 00:00:00+00:00,0.009069512641246336
2016-12-20 00:00:00+00:00,0.0027106023258338663
2016-12-21 00:00:00+00:00,0.005397538729548179
2016-12-22 00:00:00+00:00,0.0187854847140827
2016-12-23 00:00:00+00:00,0.008779684703399848
2016-12-26 00:00:00+00:00,-0.004351636356545785
2016-12-27 00:00:00+00:00,0.010493077599339484
2016-12-28 00:00:00+00:00,0.045861735509312274
2016-12-29 00:00:00+00:00,-0.008279496714009404
2016-12-30 00:00:00+00:00,0.0008356976054288978
2017-01-03 00:00:00+00:00,0.0008349997980969803
2017-01-04 00:00:00+00:00,-0.01582673085283437
2017-01-05 00:00:00+00:00,-0.00017471504831811924
2017-01-06 00:00:00+00:00,0.0
2017-01-09 00:00:00+00:00,0.0
2017-01-10 00:00:00+00:00,0.0
2017-01-11 00:00:00+00:00,0.0
2017-01-12 00:00:00+00:00,0.0
2017-01-13 00:00:00+00:00,-0.0019263389644708084
2017-01-16 00:00:00+00:00,-0.04833679789526779
2017-01-17 00:00:00+00:00,-0.00801601775306926
2017-01-18 00:00:00+00:00,-0.0017997313001169024
2017-01-19 00:00:00+00:00,-0.001925776879895591
2017-01-20 00:00:00+00:00,0.0
2017-01-23 00:00:00+00:00,0.0
2017-01-24 00:00:00+00:00,0.0
2017-01-25 00:00:00+00:00,0.0025144950400977084
2017-01-26 00:00:00+00:00,0.010793525196682863
2017-02-03 00:00:00+00:00,0.001782682642878397
2017-02-06 00:00:00+00:00,-0.00888865415170259
2017-02-07 00:00:00+00:00,0.012550332849549983
2017-02-08 00:00:00+00:00,-0.0035375643406705404
2017-02-09 00:00:00+00:00,-0.0019966461924511014
2017-02-10 00:00:00+00:00,0.012246074712936483
2017-02-13 00:00:00+00:00,-0.00264224857890627
2017-02-14 00:00:00+00:00,-0.010579332551498899
2017-02-15 00:00:00+00:00,-0.0017761250909014148
2017-02-16 00:00:00+00:00,-0.0028880393740284838
2017-02-17 00:00:00+00:00,0.0
2017-02-20 00:00:00+00:00,0.0
2017-02-21 00:00:00+00:00,0.0
2017-02-22 00:00:00+00:00,0.0
2017-02-23 00:00:00+00:00,0.0
2017-02-24 00:00:00+00:00,0.0
2017-02-27 00:00:00+00:00,0.0
2017-02-28 00:00:00+00:00,0.0
2017-03-01 00:00:00+00:00,0.0
2017-03-02 00:00:00+00:00,0.0
2017-03-03 00:00:00+00:00,0.0
2017-03-06 00:00:00+00:00,0.0
2017-03-07 00:00:00+00:00,0.0
2017-03-08 00:00:00+00:00,0.0
2017-03-09 00:00:00+00:00,0.0
2017-03-10 00:00:00+00:00,0.0
2017-03-13 00:00:00+00:00,0.0
2017-03-14 00:00:00+00:00,0.0
2017-03-15 00:00:00+00:00,0.0
2017-03-16 00:00:00+00:00,0.0
2017-03-17 00:00:00+00:00,0.0
2017-03-20 00:00:00+00:00,0.0
2017-03-21 00:00:00+00:00,0.0
2017-03-22 00:00:00+00:00,0.0
2017-03-23 00:00:00+00:00,0.0
2017-03-24 00:00:00+00:00,0.0
2017-03-27 00:00:00+00:00,0.0
2017-03-28 00:00:00+00:00,0.0
2017-03-29 00:00:00+00:00,0.0
2017-03-30 00:00:00+00:00,0.0
2017-03-31 00:00:00+00:00,0.0
2017-04-05 00:00:00+00:00,0.0
2017-04-06 00:00:00+00:00,0.0
2017-04-07 00:00:00+00:00,0.0
2017-04-10 00:00:00+00:00,0.0
2017-04-11 00:00:00+00:00,0.0
2017-04-12 00:00:00+00:00,0.0
2017-04-13 00:00:00+00:00,0.0
2017-04-17 00:00:00+00:00,0.0
2017-04-18 00:00:00+00:00,0.0
2017-04-19 00:00:00+00:00,0.0
2017-04-20 00:00:00+00:00,0.0
2017-04-21 00:00:00+00:00,0.0
2017-04-24 00:00:00+00:00,0.0
2017-04-25 00:00:00+00:00,0.0
2017-04-26 00:00:00+00:00,0.0
2017-04-27 00:00:00+00:00,0.0
2017-04-28 00:00:00+00:00,0.0
2017-05-02 00:00:00+00:00,0.0
2017-05-03 00:00:00+00:00,-0.004508999005843228
2017-05-04 00:00:00+00:00,-0.005395579282092666
2017-05-05 00:00:00+00:00,-0.025312945438783596
2017-05-08 00:00:00+00:00,-0.000888789281751845
2017-05-09 00:00:00+00:00,0.0
2017-05-10 00:00:00+00:00,0.0
2017-05-11 00:00:00+00:00,0.0
2017-05-12 00:00:00+00:00,0.0
2017-05-15 00:00:00+00:00,0.0
2017-05-16 00:00:00+00:00,0.0
2017-05-17 00:00:00+00:00,0.003830939228040231
2017-05-18 00:00:00+00:00,0.03421374162831059
2017-05-19 00:00:00+00:00,0.005365840785237941
2017-05-22 00:00:00+00:00,-0.025794992307211384
2017-05-23 00:00:00+00:00,-0.012777117337088528
2017-05-24 00:00:00+00:00,-0.007402323195510374
2017-05-25 00:00:00+00:00,-0.002673789154882922
2017-05-26 00:00:00+00:00,0.0
2017-05-31 00:00:00+00:00,0.0
2017-06-01 00:00:00+00:00,-0.016731881118557612
2017-06-02 00:00:00+00:00,0.009498813476368495
2017-06-05 00:00:00+00:00,0.003848044073567314
2017-06-06 00:00:00+00:00,0.0
2017-06-07 00:00:00+00:00,0.01410086710960301
2017-06-08 00:00:00+00:00,0.024959888671672203
2017-06-09 00:00:00+00:00,0.0009036016277768066
2017-06-12 00:00:00+00:00,-0.008107017103585301
2017-06-13 00:00:00+00:00,0.005451885887423069
2017-06-14 00:00:00+00:00,-0.015361742605665474
2017-06-15 00:00:00+00:00,0.00731214154111659
2017-06-16 00:00:00+00:00,0.0
2017-06-19 00:00:00+00:00,0.0
2017-06-20 00:00:00+00:00,0.0
2017-06-21 00:00:00+00:00,-0.007307306441222017
2017-06-22 00:00:00+00:00,-0.0137633718006549
2017-06-23 00:00:00+00:00,-0.01948968896713943
2017-06-26 00:00:00+00:00,0.0
2017-06-27 00:00:00+00:00,0.0
2017-06-28 00:00:00+00:00,0.0
2017-06-29 00:00:00+00:00,-0.013383147447253108
2017-06-30 00:00:00+00:00,0.0009636542014013205
2017-07-03 00:00:00+00:00,-0.00584022606973944
2017-07-04 00:00:00+00:00,0.0
2017-07-05 00:00:00+00:00,0.0
2017-07-06 00:00:00+00:00,0.0
2017-07-07 00:00:00+00:00,0.0
2017-07-10 00:00:00+00:00,0.0
2017-07-11 00:00:00+00:00,0.0
2017-07-12 00:00:00+00:00,0.0
2017-07-13 00:00:00+00:00,0.0
2017-07-14 00:00:00+00:00,0.0
2017-07-17 00:00:00+00:00,0.0
2017-07-18 00:00:00+00:00,-0.0009475618222354321
2017-07-19 00:00:00+00:00,0.0
2017-07-20 00:00:00+00:00,-0.0009523377492726137
2017-07-21 00:00:00+00:00,0.0
2017-07-24 00:00:00+00:00,-0.007729273991686769
2017-07-25 00:00:00+00:00,-0.0078124784582395135
2017-07-26 00:00:00+00:00,-0.0019301041233691363
2017-07-27 00:00:00+00:00,0.0
2017-07-28 00:00:00+00:00,0.0
2017-07-31 00:00:00+00:00,0.0
2017-08-01 00:00:00+00:00,0.0
2017-08-02 00:00:00+00:00,-0.011772178890640861
2017-08-03 00:00:00+00:00,-0.007973209058380726
2017-08-04 00:00:00+00:00,0.027143486371028702
2017-08-07 00:00:00+00:00,-0.0009438316336310981
2017-08-08 00:00:00+00:00,0.006920877917593993
2017-08-09 00:00:00+00:00,-0.009727943345705592
2017-08-10 00:00:00+00:00,-0.004911752927055257
2017-08-11 00:00:00+00:00,-0.0028830774603982867
2017-08-14 00:00:00+00:00,0.0
2017-08-15 00:00:00+00:00,0.0
2017-08-16 00:00:00+00:00,0.0
2017-08-17 00:00:00+00:00,0.0
2017-08-18 00:00:00+00:00,0.0
2017-08-21 00:00:00+00:00,0.0
2017-08-22 00:00:00+00:00,0.0
2017-08-23 00:00:00+00:00,-0.011766264432316764
2017-08-24 00:00:00+00:00,-0.0030015100104977543
2017-08-25 00:00:00+00:00,-0.0018574163838916968
2017-08-28 00:00:00+00:00,0.0
2017-08-29 00:00:00+00:00,0.0
2017-08-30 00:00:00+00:00,0.003150614186679057
2017-08-31 00:00:00+00:00,-0.006023406898874373
2017-09-01 00:00:00+00:00,-0.00504823737504112
2017-09-04 00:00:00+00:00,-0.0008711162235107706
2017-09-05 00:00:00+00:00,0.0
2017-09-06 00:00:00+00:00,0.0
2017-09-07 00:00:00+00:00,0.0
2017-09-08 00:00:00+00:00,0.0
2017-09-11 00:00:00+00:00,0.0
2017-09-12 00:00:00+00:00,0.0
2017-09-13 00:00:00+00:00,0.0
2017-09-14 00:00:00+00:00,0.012412932769030771
2017-09-15 00:00:00+00:00,0.00018616540538940463
2017-09-18 00:00:00+00:00,0.0
2017-09-19 00:00:00+00:00,-0.006814918271413117
2017-09-20 00:00:00+00:00,-0.007851380092392723
2017-09-21 00:00:00+00:00,0.0
2017-09-22 00:00:00+00:00,0.0
2017-09-25 00:00:00+00:00,0.0
2017-09-26 00:00:00+00:00,-0.012994801805936596
2017-09-27 00:00:00+00:00,0.0020667159468197305
2017-09-28 00:00:00+00:00,-0.0038556742105644304
2017-09-29 00:00:00+00:00,0.0
2017-10-09 00:00:00+00:00,0.0
2017-10-10 00:00:00+00:00,0.01885041215245087
2017-10-11 00:00:00+00:00,-0.006086229001569854
2017-10-12 00:00:00+00:00,0.008168071639733432
2017-10-13 00:00:00+00:00,0.0
2017-10-16 00:00:00+00:00,-0.020249666935059918
2017-10-17 00:00:00+00:00,-0.0049149309888382176
2017-10-18 00:00:00+00:00,0.0
2017-10-19 00:00:00+00:00,0.0
2017-10-20 00:00:00+00:00,0.0
2017-10-23 00:00:00+00:00,0.0
2017-10-24 00:00:00+00:00,0.0
2017-10-25 00:00:00+00:00,0.0
2017-10-26 00:00:00+00:00,0.0
2017-10-27 00:00:00+00:00,0.0
2017-10-30 00:00:00+00:00,0.0
2017-10-31 00:00:00+00:00,0.0
2017-11-01 00:00:00+00:00,0.0
2017-11-02 00:00:00+00:00,0.0
2017-11-03 00:00:00+00:00,-0.01730379235066415
2017-11-06 00:00:00+00:00,0.051776341277127935
2017-11-07 00:00:00+00:00,-0.007033940463359478
2017-11-08 00:00:00+00:00,0.01921433866374489
2017-11-09 00:00:00+00:00,0.004971547436298351
2017-11-10 00:00:00+00:00,-0.0029681720536153255
2017-11-13 00:00:00+00:00,-0.021791700950225312
2017-11-14 00:00:00+00:00,0.009109693984481693
2017-11-15 00:00:00+00:00,0.0002704819017187443
2017-11-16 00:00:00+00:00,0.0
2017-11-17 00:00:00+00:00,-0.04387379635388178
2017-11-20 00:00:00+00:00,-0.01534138839420962
2017-11-21 00:00:00+00:00,0.0
2017-11-22 00:00:00+00:00,0.0
2017-11-23 00:00:00+00:00,-0.017809218657066972
2017-11-24 00:00:00+00:00,-0.009760031051245233
2017-11-27 00:00:00+00:00,0.005840133472207354
2017-11-28 00:00:00+00:00,0.0
2017-11-29 00:00:00+00:00,0.0
2017-11-30 00:00:00+00:00,0.0
2017-12-01 00:00:00+00:00,0.0
2017-12-04 00:00:00+00:00,0.0
2017-12-05 00:00:00+00:00,0.0
2017-12-06 00:00:00+00:00,0.0
2017-12-07 00:00:00+00:00,0.0
2017-12-08 00:00:00+00:00,0.0
2017-12-11 00:00:00+00:00,0.0
2017-12-12 00:00:00+00:00,0.0
2017-12-13 00:00:00+00:00,0.0
2017-12-14 00:00:00+00:00,-0.015852164200959473
2017-12-15 00:00:00+00:00,-0.0072196168249452075
2017-12-18 00:00:00+00:00,0.0
2017-12-19 00:00:00+00:00,0.0
2017-12-20 00:00:00+00:00,0.0
2017-12-21 00:00:00+00:00,0.0
2017-12-22 00:00:00+00:00,0.0
2017-12-25 00:00:00+00:00,0.0
2017-12-26 00:00:00+00:00,0.0
2017-12-27 00:00:00+00:00,0.0
2017-12-28 00:00:00+00:00,0.0
2017-12-29 00:00:00+00:00,0.0
2018-01-02 00:00:00+00:00,0.002895369439316786
2018-01-03 00:00:00+00:00,0.013341145290328482
2018-01-04 00:00:00+00:00,0.0010989567954804436
2018-01-05 00:00:00+00:00,0.0
2018-01-08 00:00:00+00:00,-0.013151049974121531
2018-01-09 00:00:00+00:00,-0.006663152437754838
2018-01-10 00:00:00+00:00,0.0028964464621690222
2018-01-11 00:00:00+00:00,0.0
2018-01-12 00:00:00+00:00,0.0
2018-01-15 00:00:00+00:00,0.0
2018-01-16 00:00:00+00:00,0.0
2018-01-17 00:00:00+00:00,0.0
2018-01-18 00:00:00+00:00,0.0
2018-01-19 00:00:00+00:00,0.0
2018-01-22 00:00:00+00:00,0.0
2018-01-23 00:00:00+00:00,-0.009325453781208193
2018-01-24 00:00:00+00:00,-0.003381353207634996
2018-01-25 00:00:00+00:00,0.007905283529609841
2018-01-26 00:00:00+00:00,-0.008228846404068069
2018-01-29 00:00:00+00:00,0.0
2018-01-30 00:00:00+00:00,0.0
2018-01-31 00:00:00+00:00,0.0
2018-02-01 00:00:00+00:00,0.0
2018-02-02 00:00:00+00:00,0.0
2018-02-05 00:00:00+00:00,0.0
2018-02-06 00:00:00+00:00,0.0
2018-02-07 00:00:00+00:00,0.0
2018-02-08 00:00:00+00:00,0.0077477232813674135
2018-02-09 00:00:00+00:00,-0.04707410998496975
2018-02-12 00:00:00+00:00,0.0022619173792588487
2018-02-13 00:00:00+00:00,0.0
2018-02-14 00:00:00+00:00,0.0
2018-02-22 00:00:00+00:00,0.0
2018-02-23 00:00:00+00:00,0.00454675046366404
2018-02-26 00:00:00+00:00,0.01401856516732436
2018-02-27 00:00:00+00:00,-0.006912380921256234
2018-02-28 00:00:00+00:00,0.005798475393733904
2018-03-01 00:00:00+00:00,0.006920366933335975
2018-03-02 00:00:00+00:00,0.027491218414471774
2018-03-05 00:00:00+00:00,-0.005572237278057446
2018-03-06 00:00:00+00:00,0.02578265865565621
2018-03-07 00:00:00+00:00,0.06883558305709303
2018-03-08 00:00:00+00:00,0.07054767363515446
2018-03-09 00:00:00+00:00,0.008600886930348661
2018-03-12 00:00:00+00:00,0.00946661559120865
2018-03-13 00:00:00+00:00,-0.03564142691096306
2018-03-14 00:00:00+00:00,-0.009734175738061124
2018-03-15 00:00:00+00:00,-0.008286464869354693
2018-03-16 00:00:00+00:00,0.0
2018-03-19 00:00:00+00:00,0.0
2018-03-20 00:00:00+00:00,0.0
2018-03-21 00:00:00+00:00,0.0
2018-03-22 00:00:00+00:00,0.0
2018-03-23 00:00:00+00:00,0.0
2018-03-26 00:00:00+00:00,0.0
2018-03-27 00:00:00+00:00,0.0
2018-03-28 00:00:00+00:00,0.0
2018-03-29 00:00:00+00:00,0.013466484423510616
2018-03-30 00:00:00+00:00,0.0
2018-04-02 00:00:00+00:00,-0.004328664600489862
2018-04-03 00:00:00+00:00,0.0
2018-04-04 00:00:00+00:00,0.0
2018-04-09 00:00:00+00:00,0.0
2018-04-10 00:00:00+00:00,0.0
2018-04-11 00:00:00+00:00,0.0
2018-04-12 00:00:00+00:00,-0.014213478634099386
2018-04-13 00:00:00+00:00,0.008957023800826969
2018-04-16 00:00:00+00:00,-0.012821968324182476
2018-04-17 00:00:00+00:00,-0.00699997384272999
2018-04-18 00:00:00+00:00,0.006592030885173905
2018-04-19 00:00:00+00:00,0.0
2018-04-20 00:00:00+00:00,0.0
2018-04-23 00:00:00+00:00,0.0
2018-04-24 00:00:00+00:00,0.0
2018-04-25 00:00:00+00:00,0.0
2018-04-26 00:00:00+00:00,0.006576873209411804
2018-04-27 00:00:00+00:00,0.000985382262227441
2018-05-02 00:00:00+00:00,-0.010918026660349356
2018-05-03 00:00:00+00:00,-0.0009952787194612567
2018-05-04 00:00:00+00:00,-0.010457335962789083
2018-05-07 00:00:00+00:00,0.0
2018-05-08 00:00:00+00:00,0.012747251459837905
2018-05-09 00:00:00+00:00,0.022051529725461982
2018-05-10 00:00:00+00:00,0.005885189020874426
2018-05-11 00:00:00+00:00,-0.04193204746149071
2018-05-14 00:00:00+00:00,-0.00609663297845342
2018-05-15 00:00:00+00:00,-0.0014683513598590103
2018-05-16 00:00:00+00:00,0.0
2018-05-17 00:00:00+00:00,0.0
2018-05-18 00:00:00+00:00,0.0036637643665702324
2018-05-21 00:00:00+00:00,-0.0004457002667037635
2018-05-22 00:00:00+00:00,0.0
2018-05-23 00:00:00+00:00,0.0
2018-05-24 00:00:00+00:00,0.00874732484660945
2018-05-25 00:00:00+00:00,-0.013165756365089876
2018-05-28 00:00:00+00:00,-0.010276071442458123
2018-05-29 00:00:00+00:00,0.0026819545873011386
2018-05-30 00:00:00+00:00,0.0
2018-05-31 00:00:00+00:00,0.0
2018-06-01 00:00:00+00:00,0.0
2018-06-04 00:00:00+00:00,0.0
2018-06-05 00:00:00+00:00,0.0
2018-06-06 00:00:00+00:00,0.007873982937996793
2018-06-07 00:00:00+00:00,-0.02361293690283872
2018-06-08 00:00:00+00:00,-0.006309325433678681
2018-06-11 00:00:00+00:00,-0.006349385774836014
2018-06-12 00:00:00+00:00,-0.005668458208938243
2018-06-13 00:00:00+00:00,0.0
2018-06-14 00:00:00+00:00,0.0
2018-06-15 00:00:00+00:00,0.0
2018-06-19 00:00:00+00:00,0.0
2018-06-20 00:00:00+00:00,0.0
2018-06-21 00:00:00+00:00,0.0
2018-06-22 00:00:00+00:00,0.0
2018-06-25 00:00:00+00:00,0.0
2018-06-26 00:00:00+00:00,0.0
2018-06-27 00:00:00+00:00,0.013747594825881837
2018-06-28 00:00:00+00:00,-0.0073975397878105476
2018-06-29 00:00:00+00:00,0.01489468053490417
2018-07-02 00:00:00+00:00,-0.01887825671727128
2018-07-03 00:00:00+00:00,0.014969182436578965
2018-07-04 00:00:00+00:00,-0.004209310374228337
2018-07-05 00:00:00+00:00,-0.00653868296632143
2018-07-06 00:00:00+00:00,0.0
2018-07-09 00:00:00+00:00,0.0
2018-07-10 00:00:00+00:00,0.0
2018-07-11 00:00:00+00:00,-0.016164364752148663
2018-07-12 00:00:00+00:00,0.008660505892775339
2018-07-13 00:00:00+00:00,-0.0012529324803354225
2018-07-16 00:00:00+00:00,0.0
2018-07-17 00:00:00+00:00,0.0
2018-07-18 00:00:00+00:00,0.004123120072696995
2018-07-19 00:00:00+00:00,-0.005518395688117073
2018-07-20 00:00:00+00:00,0.0
2018-07-23 00:00:00+00:00,0.003051487609368353
2018-07-24 00:00:00+00:00,-0.001252463860691
2018-07-25 00:00:00+00:00,0.009464984361299056
2018-07-26 00:00:00+00:00,0.022332292104420226
2018-07-27 00:00:00+00:00,0.007284959106575117
2018-07-30 00:00:00+00:00,-0.004128292771322095
2018-07-31 00:00:00+00:00,-0.010368710299294093
2018-08-01 00:00:00+00:00,-0.014676684298074671
2018-08-02 00:00:00+00:00,-0.0023417794928657365
2018-08-03 00:00:00+00:00,0.0
2018-08-06 00:00:00+00:00,0.0
2018-08-07 00:00:00+00:00,0.0
2018-08-08 00:00:00+00:00,0.0
2018-08-09 00:00:00+00:00,0.01475731372945166
2018-08-10 00:00:00+00:00,0.007346043040234562
2018-08-13 00:00:00+00:00,-0.009382005814336014
2018-08-14 00:00:00+00:00,-0.004208099927924369
2018-08-15 00:00:00+00:00,-0.007403238403129064
2018-08-16 00:00:00+00:00,-0.0023089627156200887
2018-08-17 00:00:00+00:00,0.0
2018-08-20 00:00:00+00:00,0.0
2018-08-21 00:00:00+00:00,0.0
2018-08-22 00:00:00+00:00,0.0
2018-08-23 00:00:00+00:00,0.0
2018-08-24 00:00:00+00:00,0.0
2018-08-27 00:00:00+00:00,0.0
2018-08-28 00:00:00+00:00,-0.013000602142743456
2018-08-29 00:00:00+00:00,-0.00757418524359299
2018-08-30 00:00:00+00:00,-0.0032646143299275288
2018-08-31 00:00:00+00:00,-0.0012422067138446735
2018-09-03 00:00:00+00:00,0.0
2018-09-04 00:00:00+00:00,0.0
2018-09-05 00:00:00+00:00,-0.0034373173376772703
2018-09-06 00:00:00+00:00,-0.012084212566185415
2018-09-07 00:00:00+00:00,-0.007894068953028022
2018-09-10 00:00:00+00:00,0.0
2018-09-11 00:00:00+00:00,0.0
2018-09-12 00:00:00+00:00,0.0
2018-09-13 00:00:00+00:00,0.0
2018-09-14 00:00:00+00:00,0.0
2018-09-17 00:00:00+00:00,0.0
2018-09-18 00:00:00+00:00,0.0
2018-09-19 00:00:00+00:00,0.0
2018-09-20 00:00:00+00:00,0.0
2018-09-21 00:00:00+00:00,0.0043567766114323
2018-09-25 00:00:00+00:00,-0.017854798207015854
2018-09-26 00:00:00+00:00,-0.003415038353612787
2018-09-27 00:00:00+00:00,-0.0023645653800672406
2018-09-28 00:00:00+00:00,0.0
2018-10-08 00:00:00+00:00,0.0
2018-10-09 00:00:00+00:00,0.0
2018-10-10 00:00:00+00:00,0.0
2018-10-11 00:00:00+00:00,0.0
2018-10-12 00:00:00+00:00,0.0
2018-10-15 00:00:00+00:00,0.0
2018-10-16 00:00:00+00:00,0.0
2018-10-17 00:00:00+00:00,0.0
2018-10-18 00:00:00+00:00,0.0
2018-10-19 00:00:00+00:00,0.0
2018-10-22 00:00:00+00:00,0.0
2018-10-23 00:00:00+00:00,0.0
2018-10-24 00:00:00+00:00,0.003507750550282074
2018-10-25 00:00:00+00:00,-0.010257159189056786
2018-10-26 00:00:00+00:00,-0.0011527762887750814
2018-10-29 00:00:00+00:00,-0.0022070906008394564
2018-10-30 00:00:00+00:00,0.0
2018-10-31 00:00:00+00:00,0.0
2018-11-01 00:00:00+00:00,0.0
2018-11-02 00:00:00+00:00,0.012785298468251716
2018-11-05 00:00:00+00:00,0.0022841160309932107
2018-11-06 00:00:00+00:00,0.006825337649681185
2018-11-07 00:00:00+00:00,-0.005647337298571142
2018-11-08 00:00:00+00:00,0.009082504721707352
2018-11-09 00:00:00+00:00,-0.010128669519402167
2018-11-12 00:00:00+00:00,0.02160407376259732
2018-11-13 00:00:00+00:00,0.012246642562864896
2018-11-14 00:00:00+00:00,0.0066001708816196825
2018-11-15 00:00:00+00:00,0.001094640110026246
2018-11-16 00:00:00+00:00,0.005456281484466308
2018-11-19 00:00:00+00:00,0.018455034954401484
2018-11-20 00:00:00+00:00,-0.015985012145085298
2018-11-21 00:00:00+00:00,-0.004329745330890478
2018-11-22 00:00:00+00:00,0.002168837433166315
2018-11-23 00:00:00+00:00,-0.004374158661926586
2018-11-26 00:00:00+00:00,0.0
2018-11-27 00:00:00+00:00,0.0
2018-11-28 00:00:00+00:00,0.0
2018-11-29 00:00:00+00:00,0.0
2018-11-30 00:00:00+00:00,0.002199560708277426
2018-12-03 00:00:00+00:00,0.008707959401162091
2018-12-04 00:00:00+00:00,0.0
2018-12-05 00:00:00+00:00,0.0075566261827646475
2018-12-06 00:00:00+00:00,-0.0042895105638419695
2018-12-07 00:00:00+00:00,0.012902429245253755
2018-12-10 00:00:00+00:00,-0.011674798550181498
2018-12-11 00:00:00+00:00,-0.0021562175540478234
2018-12-12 00:00:00+00:00,0.006427816791124252
2018-12-13 00:00:00+00:00,-0.00534567490763338
2018-12-14 00:00:00+00:00,-0.021508389262684502
2018-12-17 00:00:00+00:00,-0.0010897024090966712
2018-12-18 00:00:00+00:00,0.0010972381589056113
2018-12-19 00:00:00+00:00,0.0
2018-12-20 00:00:00+00:00,0.0
2018-12-21 00:00:00+00:00,0.0
2018-12-24 00:00:00+00:00,0.0
2018-12-25 00:00:00+00:00,0.0
2018-12-26 00:00:00+00:00,0.0
2018-12-27 00:00:00+00:00,0.0
2018-12-28 00:00:00+00:00,0.0
2019-01-02 00:00:00+00:00,0.0022560879526480893
2019-01-03 00:00:00+00:00,-0.002146282757136464
2019-01-04 00:00:00+00:00,0.0
2019-01-07 00:00:00+00:00,0.0033300461000675963
2019-01-08 00:00:00+00:00,0.05365104992943737
2019-01-09 00:00:00+00:00,-0.010389970143306781
2019-01-10 00:00:00+00:00,-0.01574858251711253
2019-01-11 00:00:00+00:00,0.0021376845417639956
2019-01-14 00:00:00+00:00,-0.007455270457054075
2019-01-15 00:00:00+00:00,-0.0010855556749765904
2019-01-16 00:00:00+00:00,0.0
2019-01-17 00:00:00+00:00,0.0
2019-01-18 00:00:00+00:00,-0.007549746150868564
2019-01-21 00:00:00+00:00,-0.0043248594198483925
2019-01-22 00:00:00+00:00,-1.1125827733771132e-05
2019-01-23 00:00:00+00:00,0.0
2019-01-24 00:00:00+00:00,0.0
2019-01-25 00:00:00+00:00,-0.0032944138404572554
2019-01-28 00:00:00+00:00,-0.014177317567631853
2019-01-29 00:00:00+00:00,-0.004420724640751272
2019-01-30 00:00:00+00:00,-0.0055423855959984
2019-01-31 00:00:00+00:00,0.0
2019-02-01 00:00:00+00:00,0.0
2019-02-11 00:00:00+00:00,0.0
2019-02-12 00:00:00+00:00,0.007786286587674107
2019-02-13 00:00:00+00:00,0.003331280894160127
2019-02-14 00:00:00+00:00,0.007736113316905602
2019-02-15 00:00:00+00:00,0.0010872615231876104
2019-02-21 00:00:00+00:00,0.058044978001380976
2019-02-22 00:00:00+00:00,0.06003455875376962
2019-02-25 00:00:00+00:00,0.04393822238981082
2019-02-26 00:00:00+00:00,0.039277985916330804
2019-02-27 00:00:00+00:00,0.06570593079870846
2019-02-28 00:00:00+00:00,0.0675513053644703
2019-03-01 00:00:00+00:00,0.007124095966882127
2019-03-04 00:00:00+00:00,0.06990297067954354
2019-03-05 00:00:00+00:00,0.026431436199962466
2019-03-06 00:00:00+00:00,-0.016450709311452427
2019-03-07 00:00:00+00:00,-0.005820541558047565
2019-03-08 00:00:00+00:00,-0.05558590333870783
2019-03-11 00:00:00+00:00,0.0055453343207581
2019-03-12 00:00:00+00:00,0.0
2019-03-13 00:00:00+00:00,0.0
2019-03-14 00:00:00+00:00,-0.02318348456099195
2019-03-15 00:00:00+00:00,0.016556403337492975
2019-03-18 00:00:00+00:00,0.00232334886977692
2019-03-19 00:00:00+00:00,0.04179311325156898
2019-03-20 00:00:00+00:00,0.006682365811099489
2019-03-21 00:00:00+00:00,0.08191065589848678
2019-03-22 00:00:00+00:00,0.0832043476915787
2019-03-25 00:00:00+00:00,0.08437589314692895
2019-03-26 00:00:00+00:00,-0.08593654641785697
2019-03-27 00:00:00+00:00,0.03620893264313807
2019-03-28 00:00:00+00:00,0.004900710138692199
2019-03-29 00:00:00+00:00,-0.01143981138502248
2019-04-01 00:00:00+00:00,0.0
2019-04-02 00:00:00+00:00,0.029064804364352215
2019-04-03 00:00:00+00:00,-0.012591527216603948
2019-04-04 00:00:00+00:00,-0.02064914712877508
2019-04-08 00:00:00+00:00,-0.01549967260591345
2019-04-09 00:00:00+00:00,0.015182790100985777
2019-04-10 00:00:00+00:00,0.0
2019-04-11 00:00:00+00:00,0.0
2019-04-12 00:00:00+00:00,0.0
2019-04-15 00:00:00+00:00,0.0
2019-04-16 00:00:00+00:00,0.0
2019-04-17 00:00:00+00:00,0.0
2019-04-18 00:00:00+00:00,0.0
2019-04-19 00:00:00+00:00,0.0
2019-04-22 00:00:00+00:00,0.0
2019-04-23 00:00:00+00:00,0.0
2019-04-24 00:00:00+00:00,0.0
2019-04-25 00:00:00+00:00,0.0
2019-04-26 00:00:00+00:00,0.0
2019-04-29 00:00:00+00:00,0.0
2019-04-30 00:00:00+00:00,0.0
2019-05-06 00:00:00+00:00,0.0
2019-05-07 00:00:00+00:00,0.0
2019-05-08 00:00:00+00:00,0.0
2019-05-09 00:00:00+00:00,0.0
2019-05-10 00:00:00+00:00,0.0
2019-05-13 00:00:00+00:00,-0.013064449147566659
2019-05-14 00:00:00+00:00,0.000619446678102431
2019-05-15 00:00:00+00:00,0.005630456479490675
2019-05-16 00:00:00+00:00,-0.008743637001244253
2019-05-17 00:00:00+00:00,-0.030257046618014205
2019-05-20 00:00:00+00:00,0.011068498980332242
2019-05-21 00:00:00+00:00,0.0
2019-05-22 00:00:00+00:00,0.0
2019-05-23 00:00:00+00:00,0.0
2019-05-24 00:00:00+00:00,0.0
2019-05-27 00:00:00+00:00,0.0
2019-05-28 00:00:00+00:00,0.0
2019-05-29 00:00:00+00:00,-0.008365586115549939
2019-05-30 00:00:00+00:00,-0.009072298451681449
2019-05-31 00:00:00+00:00,0.013736314688588713
2019-06-03 00:00:00+00:00,-4.176249791543185e-06
2019-06-04 00:00:00+00:00,0.0
2019-06-05 00:00:00+00:00,0.0
2019-06-06 00:00:00+00:00,0.0
2019-06-10 00:00:00+00:00,0.0
2019-06-11 00:00:00+00:00,0.005096662226376614
2019-06-12 00:00:00+00:00,0.0680572891479243
2019-06-13 00:00:00+00:00,0.01623578424902261
2019-06-14 00:00:00+00:00,0.020699387074141207
2019-06-17 00:00:00+00:00,0.0
2019-06-18 00:00:00+00:00,-0.004633017467207345
2019-06-19 00:00:00+00:00,0.06521081367008552
2019-06-20 00:00:00+00:00,0.007655074478234658
2019-06-21 00:00:00+00:00,0.0032550463352858383
2019-06-24 00:00:00+00:00,-0.027039183709576475
2019-06-25 00:00:00+00:00,0.008339412624104758
2019-06-26 00:00:00+00:00,-0.0053031200358369945
2019-06-27 00:00:00+00:00,0.0
2019-06-28 00:00:00+00:00,0.0
2019-07-01 00:00:00+00:00,-0.002016646609284911
2019-07-02 00:00:00+00:00,0.002960293985607043
2019-07-03 00:00:00+00:00,0.0
2019-07-04 00:00:00+00:00,0.0
2019-07-05 00:00:00+00:00,0.0
2019-07-08 00:00:00+00:00,0.0
2019-07-09 00:00:00+00:00,0.0
2019-07-10 00:00:00+00:00,0.0
2019-07-11 00:00:00+00:00,0.0
2019-07-12 00:00:00+00:00,0.0
2019-07-15 00:00:00+00:00,0.0
2019-07-16 00:00:00+00:00,0.0008729624725063445
2019-07-17 00:00:00+00:00,0.005529306922319899
2019-07-18 00:00:00+00:00,-0.020348140652695523
2019-07-19 00:00:00+00:00,0.0037077065032486978
2019-07-22 00:00:00+00:00,-0.02264389664813693
2019-07-23 00:00:00+00:00,-0.003666956234829266
2019-07-24 00:00:00+00:00,0.00838447240163731
2019-07-25 00:00:00+00:00,0.004295035106645084
2019-07-26 00:00:00+00:00,0.0
2019-07-29 00:00:00+00:00,-0.02420489669736814
2019-07-30 00:00:00+00:00,0.01452892508082626
2019-07-31 00:00:00+00:00,-0.0022901893797203643
2019-08-01 00:00:00+00:00,0.0022954463866569075
2019-08-02 00:00:00+00:00,-0.0034381539810839357
2019-08-05 00:00:00+00:00,-0.024720312586394178
2019-08-06 00:00:00+00:00,-0.011507419813571507
2019-08-07 00:00:00+00:00,0.0
2019-08-08 00:00:00+00:00,0.0
2019-08-09 00:00:00+00:00,0.0
2019-08-12 00:00:00+00:00,0.0
2019-08-13 00:00:00+00:00,-0.025387150114082768
2019-08-14 00:00:00+00:00,0.0018328659668149783
2019-08-15 00:00:00+00:00,0.010383555443927328
2019-08-16 00:00:00+00:00,-0.005148451179498359
2019-08-19 00:00:00+00:00,0.0
2019-08-20 00:00:00+00:00,-0.02046604561502141
2019-08-21 00:00:00+00:00,-0.008681536699360226
2019-08-22 00:00:00+00:00,0.01376636690005717
2019-08-23 00:00:00+00:00,0.030862897424887903
2019-08-26 00:00:00+00:00,-0.022152743774179084
2019-08-27 00:00:00+00:00,0.017145849503290345
2019-08-28 00:00:00+00:00,0.014450430235626754
2019-08-29 00:00:00+00:00,0.05934453056383626
2019-08-30 00:00:00+00:00,-0.05770367911519436
2019-09-02 00:00:00+00:00,0.01129810847151358
2019-09-03 00:00:00+00:00,0.032331924697922565
2019-09-04 00:00:00+00:00,-0.0062016229313308635
2019-09-05 00:00:00+00:00,0.014376892872833391
2019-09-06 00:00:00+00:00,0.0
2019-09-09 00:00:00+00:00,0.0
2019-09-10 00:00:00+00:00,-0.012427236436820532
2019-09-11 00:00:00+00:00,-0.021161791401741015
2019-09-12 00:00:00+00:00,-0.002248558824935132
2019-09-16 00:00:00+00:00,0.0
2019-09-17 00:00:00+00:00,0.0
2019-09-18 00:00:00+00:00,0.0
2019-09-19 00:00:00+00:00,0.0
2019-09-20 00:00:00+00:00,0.0
2019-09-23 00:00:00+00:00,-0.00048522744123946637
2019-09-24 00:00:00+00:00,-0.005277282201779476
2019-09-25 00:00:00+00:00,-0.005889509566611273
2019-09-26 00:00:00+00:00,-0.02074134112229442
2019-09-27 00:00:00+00:00,-0.012516385759475002
2019-09-30 00:00:00+00:00,0.0
2019-10-08 00:00:00+00:00,0.0
2019-10-09 00:00:00+00:00,0.0
2019-10-10 00:00:00+00:00,0.0
2019-10-11 00:00:00+00:00,0.0
2019-10-14 00:00:00+00:00,-0.012175132975960956
2019-10-15 00:00:00+00:00,-0.011167468538966663
2019-10-16 00:00:00+00:00,-0.015680303511348526
2019-10-17 00:00:00+00:00,-0.004300269327738082
2019-10-18 00:00:00+00:00,0.0
2019-10-21 00:00:00+00:00,0.0
2019-10-22 00:00:00+00:00,0.0
2019-10-23 00:00:00+00:00,0.0
2019-10-24 00:00:00+00:00,0.0
2019-10-25 00:00:00+00:00,-0.0023746459259299524
2019-10-28 00:00:00+00:00,-0.005578707218078072
2019-10-29 00:00:00+00:00,-0.027591690613827824
2019-10-30 00:00:00+00:00,-0.013932340301347046
2019-10-31 00:00:00+00:00,0.0022533096825740895
2019-11-01 00:00:00+00:00,0.0
2019-11-04 00:00:00+00:00,0.0
2019-11-05 00:00:00+00:00,0.0
2019-11-06 00:00:00+00:00,0.013656680782836661
2019-11-07 00:00:00+00:00,-0.011260029703918595
2019-11-08 00:00:00+00:00,-0.01004609783186683
2019-11-11 00:00:00+00:00,0.0022646208838437154
2019-11-12 00:00:00+00:00,0.0
2019-11-13 00:00:00+00:00,0.0
2019-11-14 00:00:00+00:00,0.0
2019-11-15 00:00:00+00:00,0.0
2019-11-18 00:00:00+00:00,0.0
2019-11-19 00:00:00+00:00,0.0
2019-11-20 00:00:00+00:00,0.0
2019-11-21 00:00:00+00:00,0.0
2019-11-22 00:00:00+00:00,-0.021264503282546587
2019-11-25 00:00:00+00:00,-0.0016804395167890895
2019-11-26 00:00:00+00:00,0.0
2019-11-27 00:00:00+00:00,0.0
2019-11-28 00:00:00+00:00,0.0
2019-11-29 00:00:00+00:00,0.0
2019-12-02 00:00:00+00:00,0.0
2019-12-03 00:00:00+00:00,0.0
2019-12-04 00:00:00+00:00,0.0
2019-12-05 00:00:00+00:00,0.00044450129867135146
2019-12-06 00:00:00+00:00,0.08150021054163403
2019-12-09 00:00:00+00:00,-0.0025526812961280676
2019-12-10 00:00:00+00:00,0.0006414070561986396
2019-12-11 00:00:00+00:00,-0.004480561459092147
2019-12-12 00:00:00+00:00,-0.0006438808646810346
2019-12-13 00:00:00+00:00,-0.008071414561678592
2019-12-16 00:00:00+00:00,0.0
2019-12-17 00:00:00+00:00,0.0
2019-12-18 00:00:00+00:00,0.0
2019-12-19 00:00:00+00:00,0.01323017502903645
2019-12-20 00:00:00+00:00,0.013436557033036811
2019-12-23 00:00:00+00:00,-0.038516439118578494
2019-12-24 00:00:00+00:00,-0.007881613066456516
2019-12-25 00:00:00+00:00,-0.0016800380993956532
2019-12-26 00:00:00+00:00,0.0
2019-12-27 00:00:00+00:00,0.0
2019-12-30 00:00:00+00:00,0.0
2019-12-31 00:00:00+00:00,0.0
2020-01-02 00:00:00+00:00,-0.0023272180518649765
2020-01-03 00:00:00+00:00,-0.001665525592307593
2020-01-06 00:00:00+00:00,0.0043510969714635195
2020-01-07 00:00:00+00:00,-0.002656044083957254
2020-01-08 00:00:00+00:00,-0.006286062355163935
2020-01-09 00:00:00+00:00,0.0
2020-01-10 00:00:00+00:00,0.0
2020-01-13 00:00:00+00:00,0.0
2020-01-14 00:00:00+00:00,0.0
2020-01-15 00:00:00+00:00,-0.004278401506611296
2020-01-16 00:00:00+00:00,-0.01679482951794642
2020-01-17 00:00:00+00:00,-0.00023395652024893465
2020-01-20 00:00:00+00:00,0.0
2020-01-21 00:00:00+00:00,0.0
2020-01-22 00:00:00+00:00,0.0
2020-01-23 00:00:00+00:00,-0.023472207811097157
2020-02-03 00:00:00+00:00,-0.0812140655443655
2020-02-04 00:00:00+00:00,0.0
2020-02-05 00:00:00+00:00,0.0
2020-02-06 00:00:00+00:00,0.0
2020-02-07 00:00:00+00:00,0.0
2020-02-10 00:00:00+00:00,-0.0008455494920424078
2020-02-11 00:00:00+00:00,-0.010674906533862827
2020-02-12 00:00:00+00:00,0.003006792029603078
2020-02-13 00:00:00+00:00,0.0
2020-02-14 00:00:00+00:00,0.0
2020-02-17 00:00:00+00:00,0.0
2020-02-18 00:00:00+00:00,0.007519570320644764
2020-02-19 00:00:00+00:00,-0.0053387267865245835
2020-02-20 00:00:00+00:00,0.027597095974636998
2020-02-21 00:00:00+00:00,-0.01417521888682538
2020-02-24 00:00:00+00:00,-0.015129453776539847
2020-02-25 00:00:00+00:00,-0.024589767636624016
2020-02-26 00:00:00+00:00,-0.011128738678511718
2020-02-27 00:00:00+00:00,0.0
2020-02-28 00:00:00+00:00,0.0
2020-03-02 00:00:00+00:00,0.0
2020-03-03 00:00:00+00:00,0.0
2020-03-04 00:00:00+00:00,0.0
2020-03-05 00:00:00+00:00,0.04041913824088672
2020-03-06 00:00:00+00:00,0.06047904712385321
2020-03-09 00:00:00+00:00,0.0
2020-03-10 00:00:00+00:00,0.0
2020-03-11 00:00:00+00:00,-0.03537070677470022
2020-03-12 00:00:00+00:00,-0.016463340661019288
2020-03-13 00:00:00+00:00,-0.0420531043583342
2020-03-16 00:00:00+00:00,0.0
2020-03-17 00:00:00+00:00,0.0
2020-03-18 00:00:00+00:00,0.0
2020-03-19 00:00:00+00:00,0.0
2020-03-20 00:00:00+00:00,0.0
2020-03-23 00:00:00+00:00,-0.05509150138979113
2020-03-24 00:00:00+00:00,0.01260624338982752
2020-03-25 00:00:00+00:00,0.012211495270237238
2020-03-26 00:00:00+00:00,0.0
2020-03-27 00:00:00+00:00,0.0
2020-03-30 00:00:00+00:00,-0.04540717814406203
2020-03-31 00:00:00+00:00,-0.007728766629478634
2020-04-01 00:00:00+00:00,0.004970001986793315
2020-04-02 00:00:00+00:00,0.0
2020-04-03 00:00:00+00:00,0.0
2020-04-07 00:00:00+00:00,0.0
2020-04-08 00:00:00+00:00,0.0
2020-04-09 00:00:00+00:00,0.0
2020-04-10 00:00:00+00:00,0.0
2020-04-13 00:00:00+00:00,0.0
2020-04-14 00:00:00+00:00,0.0
2020-04-15 00:00:00+00:00,0.0
2020-04-16 00:00:00+00:00,0.0
2020-04-17 00:00:00+00:00,0.0
2020-04-20 00:00:00+00:00,0.0
2020-04-21 00:00:00+00:00,0.0
2020-04-22 00:00:00+00:00,0.0
2020-04-23 00:00:00+00:00,0.0
2020-04-24 00:00:00+00:00,0.0
2020-04-27 00:00:00+00:00,0.0
2020-04-28 00:00:00+00:00,0.0
2020-04-29 00:00:00+00:00,0.0
2020-04-30 00:00:00+00:00,0.0
2020-05-06 00:00:00+00:00,0.0
2020-05-07 00:00:00+00:00,0.0
2020-05-08 00:00:00+00:00,0.0
2020-05-11 00:00:00+00:00,0.0
2020-05-12 00:00:00+00:00,0.0
2020-05-13 00:00:00+00:00,0.0
2020-05-14 00:00:00+00:00,0.0
2020-05-15 00:00:00+00:00,0.0
2020-05-18 00:00:00+00:00,0.0
2020-05-19 00:00:00+00:00,0.0
2020-05-20 00:00:00+00:00,0.0
2020-05-21 00:00:00+00:00,0.0
2020-05-22 00:00:00+00:00,0.0
2020-05-25 00:00:00+00:00,0.0
2020-05-26 00:00:00+00:00,0.0
2020-05-27 00:00:00+00:00,0.0
2020-05-28 00:00:00+00:00,0.0
2020-05-29 00:00:00+00:00,0.0
2020-06-01 00:00:00+00:00,0.0
2020-06-02 00:00:00+00:00,0.0
2020-06-03 00:00:00+00:00,0.0
2020-06-04 00:00:00+00:00,0.0
2020-06-05 00:00:00+00:00,0.0
2020-06-08 00:00:00+00:00,0.0
2020-06-09 00:00:00+00:00,0.0
2020-06-10 00:00:00+00:00,0.0
2020-06-11 00:00:00+00:00,0.0
2020-06-12 00:00:00+00:00,0.0
2020-06-15 00:00:00+00:00,0.0
2020-06-16 00:00:00+00:00,0.0
2020-06-17 00:00:00+00:00,0.0
2020-06-18 00:00:00+00:00,0.0
2020-06-19 00:00:00+00:00,0.0
2020-06-22 00:00:00+00:00,0.0
2020-06-23 00:00:00+00:00,0.0
2020-06-24 00:00:00+00:00,0.0
2020-06-29 00:00:00+00:00,0.0
2020-06-30 00:00:00+00:00,0.0
2020-07-01 00:00:00+00:00,0.0
2020-07-02 00:00:00+00:00,0.0
2020-07-03 00:00:00+00:00,0.0
2020-07-06 00:00:00+00:00,0.0
2020-07-07 00:00:00+00:00,0.0
2020-07-08 00:00:00+00:00,0.0
2020-07-09 00:00:00+00:00,0.0
2020-07-10 00:00:00+00:00,0.0
2020-07-13 00:00:00+00:00,0.0
2020-07-14 00:00:00+00:00,0.0
2020-07-15 00:00:00+00:00,0.0
2020-07-16 00:00:00+00:00,0.0
2020-07-17 00:00:00+00:00,0.0
2020-07-20 00:00:00+00:00,0.0
2020-07-21 00:00:00+00:00,0.0
2020-07-22 00:00:00+00:00,0.0
2020-07-23 00:00:00+00:00,0.0
2020-07-24 00:00:00+00:00,0.0
2020-07-27 00:00:00+00:00,0.0
2020-07-28 00:00:00+00:00,0.0
2020-07-29 00:00:00+00:00,0.0
2020-07-30 00:00:00+00:00,0.0
2020-07-31 00:00:00+00:00,0.0
2020-08-03 00:00:00+00:00,0.0
2020-08-04 00:00:00+00:00,0.0
2020-08-05 00:00:00+00:00,0.0
2020-08-06 00:00:00+00:00,0.0
2020-08-07 00:00:00+00:00,0.0
2020-08-10 00:00:00+00:00,0.0
2020-08-11 00:00:00+00:00,0.0
2020-08-12 00:00:00+00:00,0.0
2020-08-13 00:00:00+00:00,0.0
2020-08-14 00:00:00+00:00,0.0
2020-08-17 00:00:00+00:00,0.0
2020-08-18 00:00:00+00:00,0.0
2020-08-19 00:00:00+00:00,0.0
2020-08-20 00:00:00+00:00,0.0
2020-08-21 00:00:00+00:00,0.0
2020-08-24 00:00:00+00:00,0.0
2020-08-25 00:00:00+00:00,0.0
2020-08-26 00:00:00+00:00,0.0
2020-08-27 00:00:00+00:00,0.0
2020-08-28 00:00:00+00:00,0.0
2020-08-31 00:00:00+00:00,0.0
2020-09-01 00:00:00+00:00,0.0
2020-09-02 00:00:00+00:00,0.0
2020-09-03 00:00:00+00:00,0.0
2020-09-04 00:00:00+00:00,0.0
2020-09-07 00:00:00+00:00,0.0
2020-09-08 00:00:00+00:00,0.0
2020-09-09 00:00:00+00:00,0.0
2020-09-10 00:00:00+00:00,0.0
2020-09-11 00:00:00+00:00,0.0
2020-09-14 00:00:00+00:00,0.0
2020-09-15 00:00:00+00:00,0.0
2020-09-16 00:00:00+00:00,0.0
2020-09-17 00:00:00+00:00,0.0
2020-09-18 00:00:00+00:00,0.0
2020-09-21 00:00:00+00:00,0.0
2020-09-22 00:00:00+00:00,0.0
2020-09-23 00:00:00+00:00,0.0
2020-09-24 00:00:00+00:00,0.0
2020-09-25 00:00:00+00:00,0.0
2020-09-28 00:00:00+00:00,0.0
2020-09-29 00:00:00+00:00,0.0
2020-09-30 00:00:00+00:00,0.0
2020-10-09 00:00:00+00:00,0.0
2020-10-12 00:00:00+00:00,0.0
2020-10-13 00:00:00+00:00,0.0
2020-10-14 00:00:00+00:00,0.0
2020-10-15 00:00:00+00:00,0.0
2020-10-16 00:00:00+00:00,0.0
2020-10-19 00:00:00+00:00,0.0
2020-10-20 00:00:00+00:00,0.0
2020-10-21 00:00:00+00:00,0.0
2020-10-22 00:00:00+00:00,0.0
2020-10-23 00:00:00+00:00,0.0
2020-10-26 00:00:00+00:00,0.0
2020-10-27 00:00:00+00:00,0.0
2020-10-28 00:00:00+00:00,0.0
2020-10-29 00:00:00+00:00,0.0
2020-10-30 00:00:00+00:00,0.0
2020-11-02 00:00:00+00:00,0.0
2020-11-03 00:00:00+00:00,0.0
2020-11-04 00:00:00+00:00,0.0
2020-11-05 00:00:00+00:00,0.0
2020-11-06 00:00:00+00:00,0.0
2020-11-09 00:00:00+00:00,0.0
2020-11-10 00:00:00+00:00,0.0
2020-11-11 00:00:00+00:00,0.0
2020-11-12 00:00:00+00:00,0.0
2020-11-13 00:00:00+00:00,0.0
2020-11-16 00:00:00+00:00,0.0
2020-11-17 00:00:00+00:00,0.0
2020-11-18 00:00:00+00:00,0.0
2020-11-19 00:00:00+00:00,0.0
2020-11-20 00:00:00+00:00,0.0
2020-11-23 00:00:00+00:00,0.0
2020-11-24 00:00:00+00:00,0.0
2020-11-25 00:00:00+00:00,0.0
2020-11-26 00:00:00+00:00,0.0
2020-11-27 00:00:00+00:00,0.0
2020-11-30 00:00:00+00:00,0.0
2020-12-01 00:00:00+00:00,0.0
2020-12-02 00:00:00+00:00,0.0
2020-12-03 00:00:00+00:00,0.0
2020-12-04 00:00:00+00:00,0.0
2020-12-07 00:00:00+00:00,0.0
2020-12-08 00:00:00+00:00,0.0
2020-12-09 00:00:00+00:00,0.0
2020-12-10 00:00:00+00:00,0.0
2020-12-11 00:00:00+00:00,0.0
2020-12-14 00:00:00+00:00,0.0
2020-12-15 00:00:00+00:00,0.0
2020-12-16 00:00:00+00:00,0.04118611168409947
2020-12-17 00:00:00+00:00,0.03730220505768167
2020-12-18 00:00:00+00:00,-0.014384315342550469
2020-12-21 00:00:00+00:00,-0.01459424354387151
2020-12-22 00:00:00+00:00,-0.06088715881592566
2020-12-23 00:00:00+00:00,-0.01596161782009753
2020-12-24 00:00:00+00:00,0.0
2020-12-25 00:00:00+00:00,0.0
2020-12-28 00:00:00+00:00,0.0
2020-12-29 00:00:00+00:00,0.0
2020-12-30 00:00:00+00:00,-0.013551233367018578
2020-12-31 00:00:00+00:00,-0.007384976419884004
2021-01-04 00:00:00+00:00,0.0
2021-01-05 00:00:00+00:00,0.0
2021-01-06 00:00:00+00:00,0.0
2021-01-07 00:00:00+00:00,0.0
2021-01-08 00:00:00+00:00,0.0
2021-01-11 00:00:00+00:00,0.0
2021-01-12 00:00:00+00:00,0.0
2021-01-13 00:00:00+00:00,0.0
2021-01-14 00:00:00+00:00,-0.0018477044182140245
2021-01-15 00:00:00+00:00,0.0009109865893663915
2021-01-18 00:00:00+00:00,-0.00730128304895461
2021-01-19 00:00:00+00:00,0.0
2021-01-20 00:00:00+00:00,0.0
2021-01-21 00:00:00+00:00,0.0
2021-01-22 00:00:00+00:00,0.0
2021-01-25 00:00:00+00:00,0.0
2021-01-26 00:00:00+00:00,0.0
2021-01-27 00:00:00+00:00,0.0
2021-01-28 00:00:00+00:00,0.0
2021-01-29 00:00:00+00:00,0.0
2021-02-01 00:00:00+00:00,0.0
2021-02-02 00:00:00+00:00,0.0
2021-02-03 00:00:00+00:00,0.0
2021-02-04 00:00:00+00:00,0.0
2021-02-05 00:00:00+00:00,0.0
2021-02-08 00:00:00+00:00,0.0
2021-02-09 00:00:00+00:00,0.0
2021-02-10 00:00:00+00:00,0.0
2021-02-18 00:00:00+00:00,0.0
2021-02-19 00:00:00+00:00,0.02320734874927677
2021-02-22 00:00:00+00:00,0.01702507435029177
2021-02-23 00:00:00+00:00,-0.01497796037184107
2021-02-24 00:00:00+00:00,0.007155628662228297
2021-02-25 00:00:00+00:00,0.0017761973568406475
2021-02-26 00:00:00+00:00,-0.013067364301981965
2021-03-01 00:00:00+00:00,0.00018683848621292576
2021-03-02 00:00:00+00:00,0.017961883087899144
2021-03-03 00:00:00+00:00,-0.0017644946619624902
2021-03-04 00:00:00+00:00,-0.0008838068033679702
2021-03-05 00:00:00+00:00,0.013268829131979798
2021-03-08 00:00:00+00:00,0.053253296248086945
