index,gross_lev
2010-01-04 00:00:00+00:00,0.0
2010-01-05 00:00:00+00:00,0.0
2010-01-06 00:00:00+00:00,0.0
2010-01-07 00:00:00+00:00,0.0
2010-01-08 00:00:00+00:00,0.0
2010-01-11 00:00:00+00:00,0.0
2010-01-12 00:00:00+00:00,0.0
2010-01-13 00:00:00+00:00,0.0
2010-01-14 00:00:00+00:00,0.7332387621883031
2010-01-18 00:00:00+00:00,0.7365698113680933
2010-01-19 00:00:00+00:00,0.7345292621970287
2010-01-20 00:00:00+00:00,0.7300887031801504
2010-01-21 00:00:00+00:00,0.7347863790638435
2010-01-22 00:00:00+00:00,0.0
2010-01-25 00:00:00+00:00,0.0
2010-01-26 00:00:00+00:00,0.0
2010-01-27 00:00:00+00:00,0.0
2010-01-28 00:00:00+00:00,0.0
2010-01-29 00:00:00+00:00,0.0
2010-02-01 00:00:00+00:00,0.0
2010-02-02 00:00:00+00:00,0.6761829549746854
2010-02-03 00:00:00+00:00,0.6805669565509769
2010-02-04 00:00:00+00:00,0.6817964937745877
2010-02-05 00:00:00+00:00,0.6787031660528138
2010-02-08 00:00:00+00:00,0.676500537979653
2010-02-09 00:00:00+00:00,0.6761829549746854
2010-02-10 00:00:00+00:00,0.0
2010-02-11 00:00:00+00:00,0.0
2010-02-12 00:00:00+00:00,0.0
2010-02-22 00:00:00+00:00,0.6863162214974535
2010-02-23 00:00:00+00:00,0.6866262284202478
2010-02-24 00:00:00+00:00,0.7068700465479448
2010-02-25 00:00:00+00:00,0.7263158926834973
2010-02-26 00:00:00+00:00,0.7263158926834973
2010-03-01 00:00:00+00:00,0.7304959253782449
2010-03-02 00:00:00+00:00,0.7286555523775581
2010-03-03 00:00:00+00:00,0.7267875176624073
2010-03-04 00:00:00+00:00,0.7173050882248347
2010-03-05 00:00:00+00:00,0.0
2010-03-08 00:00:00+00:00,0.0
2010-03-09 00:00:00+00:00,0.0
2010-03-10 00:00:00+00:00,0.0
2010-03-11 00:00:00+00:00,0.7308502896538084
2010-03-12 00:00:00+00:00,0.0
2010-03-15 00:00:00+00:00,0.0
2010-03-16 00:00:00+00:00,0.0
2010-03-17 00:00:00+00:00,0.0
2010-03-18 00:00:00+00:00,0.0
2010-03-19 00:00:00+00:00,0.7311092728861439
2010-03-22 00:00:00+00:00,0.7354189725251344
2010-03-23 00:00:00+00:00,0.7301332443590522
2010-03-24 00:00:00+00:00,0.729643800143929
2010-03-25 00:00:00+00:00,0.7236083102058128
2010-03-26 00:00:00+00:00,0.0
2010-03-29 00:00:00+00:00,0.0
2010-03-30 00:00:00+00:00,0.0
2010-03-31 00:00:00+00:00,0.7469963636686539
2010-04-01 00:00:00+00:00,0.7481587905711512
2010-04-02 00:00:00+00:00,0.7486217001035582
2010-04-06 00:00:00+00:00,0.7506793614494596
2010-04-07 00:00:00+00:00,0.7488525172999289
2010-04-08 00:00:00+00:00,0.7483904582516309
2010-04-09 00:00:00+00:00,0.7490829110094341
2010-04-12 00:00:00+00:00,0.0
2010-04-13 00:00:00+00:00,0.0
2010-04-14 00:00:00+00:00,0.0
2010-04-15 00:00:00+00:00,0.0
2010-04-16 00:00:00+00:00,0.0
2010-04-19 00:00:00+00:00,0.0
2010-04-20 00:00:00+00:00,0.0
2010-04-21 00:00:00+00:00,0.0
2010-04-22 00:00:00+00:00,0.0
2010-04-23 00:00:00+00:00,0.0
2010-04-26 00:00:00+00:00,0.0
2010-04-27 00:00:00+00:00,0.0
2010-04-28 00:00:00+00:00,0.0
2010-04-29 00:00:00+00:00,0.0
2010-04-30 00:00:00+00:00,0.0
2010-05-04 00:00:00+00:00,0.0
2010-05-06 00:00:00+00:00,0.0
2010-05-07 00:00:00+00:00,0.0
2010-05-10 00:00:00+00:00,0.6280141972855923
2010-05-11 00:00:00+00:00,0.6135644776431074
2010-05-13 00:00:00+00:00,0.616620973293788
2010-05-14 00:00:00+00:00,0.0
2010-05-17 00:00:00+00:00,0.0
2010-05-18 00:00:00+00:00,0.0
2010-05-19 00:00:00+00:00,0.0
2010-05-20 00:00:00+00:00,0.0
2010-05-21 00:00:00+00:00,0.0
2010-05-24 00:00:00+00:00,0.0
2010-05-25 00:00:00+00:00,0.0
2010-05-26 00:00:00+00:00,0.5427153623234925
2010-05-27 00:00:00+00:00,0.5481453434606047
2010-05-28 00:00:00+00:00,0.5449974199356629
2010-05-31 00:00:00+00:00,0.5399511364656989
2010-06-01 00:00:00+00:00,0.5338497862371707
2010-06-02 00:00:00+00:00,0.0
2010-06-03 00:00:00+00:00,0.0
2010-06-04 00:00:00+00:00,0.0
2010-06-07 00:00:00+00:00,0.0
2010-06-08 00:00:00+00:00,0.0
2010-06-09 00:00:00+00:00,0.0
2010-06-10 00:00:00+00:00,0.0
2010-06-11 00:00:00+00:00,0.5657062559044731
2010-06-17 00:00:00+00:00,0.5621253836352822
2010-06-18 00:00:00+00:00,0.5514851522243167
2010-06-21 00:00:00+00:00,0.5575630791388159
2010-06-22 00:00:00+00:00,0.0
2010-06-23 00:00:00+00:00,0.0
2010-06-24 00:00:00+00:00,0.5670283853340463
2010-06-25 00:00:00+00:00,0.5615436437819038
2010-06-28 00:00:00+00:00,0.0
2010-06-29 00:00:00+00:00,0.0
2010-06-30 00:00:00+00:00,0.0
2010-07-01 00:00:00+00:00,0.0
2010-07-02 00:00:00+00:00,0.0
2010-07-05 00:00:00+00:00,0.0
2010-07-06 00:00:00+00:00,0.5948057078950697
2010-07-07 00:00:00+00:00,0.5887314718153828
2010-07-08 00:00:00+00:00,0.591791185093512
2010-07-09 00:00:00+00:00,0.5926539543467934
2010-07-12 00:00:00+00:00,0.593086131392561
2010-07-13 00:00:00+00:00,0.5969306122181313
2010-07-14 00:00:00+00:00,0.5913562515152291
2010-07-15 00:00:00+00:00,0.579736424232371
2010-07-16 00:00:00+00:00,0.0
2010-07-19 00:00:00+00:00,0.0
2010-07-21 00:00:00+00:00,0.0
2010-07-22 00:00:00+00:00,0.6596744470229938
2010-07-23 00:00:00+00:00,0.6573951543281971
2010-07-26 00:00:00+00:00,0.6608046356637948
2010-07-27 00:00:00+00:00,0.6558598766947041
2010-07-28 00:00:00+00:00,0.6592960419465944
2010-07-29 00:00:00+00:00,0.6615501954386325
2010-07-30 00:00:00+00:00,0.0
2010-08-02 00:00:00+00:00,0.6614884727744579
2010-08-03 00:00:00+00:00,0.6626007926768462
2010-08-04 00:00:00+00:00,0.6691348679961466
2010-08-05 00:00:00+00:00,0.6666271560787737
2010-08-06 00:00:00+00:00,0.6677060155710977
2010-08-09 00:00:00+00:00,0.6684237716207942
2010-08-10 00:00:00+00:00,0.6577220950899186
2010-08-11 00:00:00+00:00,0.0
2010-08-12 00:00:00+00:00,0.0
2010-08-13 00:00:00+00:00,0.0
2010-08-16 00:00:00+00:00,0.0
2010-08-17 00:00:00+00:00,0.6750686549490176
2010-08-18 00:00:00+00:00,0.6747062440793251
2010-08-19 00:00:00+00:00,0.672518364678411
2010-08-20 00:00:00+00:00,0.6736177971357377
2010-08-23 00:00:00+00:00,0.0
2010-08-24 00:00:00+00:00,0.0
2010-08-25 00:00:00+00:00,0.6976395426726082
2010-08-26 00:00:00+00:00,0.7033783433287567
2010-08-27 00:00:00+00:00,0.6996903860699751
2010-08-30 00:00:00+00:00,0.7027133462895906
2010-08-31 00:00:00+00:00,0.6996903860699751
2010-09-01 00:00:00+00:00,0.6979838661095397
2010-09-02 00:00:00+00:00,0.0
2010-09-03 00:00:00+00:00,0.0
2010-09-06 00:00:00+00:00,0.0
2010-09-07 00:00:00+00:00,0.7141375560812655
2010-09-08 00:00:00+00:00,0.7099288499050546
2010-09-09 00:00:00+00:00,0.7059362811094567
2010-09-10 00:00:00+00:00,0.7021725715249868
2010-09-13 00:00:00+00:00,0.0
2010-09-14 00:00:00+00:00,0.0
2010-09-15 00:00:00+00:00,0.7392494984197348
2010-09-16 00:00:00+00:00,0.744130257676199
2010-09-17 00:00:00+00:00,0.7389376757116084
2010-09-20 00:00:00+00:00,0.0
2010-09-21 00:00:00+00:00,0.0
2010-09-27 00:00:00+00:00,0.0
2010-09-28 00:00:00+00:00,0.0
2010-09-29 00:00:00+00:00,0.0
2010-09-30 00:00:00+00:00,0.7247889727065021
2010-10-08 00:00:00+00:00,0.0
2010-10-11 00:00:00+00:00,0.0
2010-10-12 00:00:00+00:00,0.7614273760551945
2010-10-13 00:00:00+00:00,0.7591587245019451
2010-10-14 00:00:00+00:00,0.7526952627725386
2010-10-15 00:00:00+00:00,0.7529971216422292
2010-10-18 00:00:00+00:00,0.0
2010-10-19 00:00:00+00:00,0.0
2010-10-20 00:00:00+00:00,0.7586530589380179
2010-10-21 00:00:00+00:00,0.7574638664569435
2010-10-22 00:00:00+00:00,0.0
2010-10-25 00:00:00+00:00,0.0
2010-10-26 00:00:00+00:00,0.0
2010-10-27 00:00:00+00:00,0.7805350204132614
2010-10-28 00:00:00+00:00,0.7843047858047608
2010-10-29 00:00:00+00:00,0.7821674221984997
2010-11-01 00:00:00+00:00,0.7829732078860673
2010-11-02 00:00:00+00:00,0.7840392472908068
2010-11-04 00:00:00+00:00,0.7858817909580311
2010-11-05 00:00:00+00:00,0.7856201234506103
2010-11-08 00:00:00+00:00,0.7884586554585205
2010-11-09 00:00:00+00:00,0.7909767241726909
2010-11-10 00:00:00+00:00,0.7869221043073957
2010-11-11 00:00:00+00:00,0.7861428204726092
2010-11-12 00:00:00+00:00,0.773461022544037
2010-11-15 00:00:00+00:00,0.0
2010-11-16 00:00:00+00:00,0.0
2010-11-17 00:00:00+00:00,0.0
2010-11-18 00:00:00+00:00,0.0
2010-11-19 00:00:00+00:00,0.0
2010-11-22 00:00:00+00:00,0.0
2010-11-23 00:00:00+00:00,0.0
2010-11-24 00:00:00+00:00,0.7454395136975633
2010-11-25 00:00:00+00:00,0.7460889462840059
2010-11-26 00:00:00+00:00,0.7421284440116239
2010-11-29 00:00:00+00:00,0.7414585670080908
2010-11-30 00:00:00+00:00,0.0
2010-12-01 00:00:00+00:00,0.0
2010-12-02 00:00:00+00:00,0.0
2010-12-03 00:00:00+00:00,0.0
2010-12-06 00:00:00+00:00,0.0
2010-12-07 00:00:00+00:00,0.0
2010-12-08 00:00:00+00:00,0.0
2010-12-09 00:00:00+00:00,0.0
2010-12-10 00:00:00+00:00,0.7221377408206356
2010-12-13 00:00:00+00:00,0.7246510149500855
2010-12-14 00:00:00+00:00,0.7250068551342453
2010-12-15 00:00:00+00:00,0.7257157834501532
2010-12-16 00:00:00+00:00,0.7232219973117399
2010-12-17 00:00:00+00:00,0.7235815381772721
2010-12-20 00:00:00+00:00,0.0
2010-12-21 00:00:00+00:00,0.0
2010-12-22 00:00:00+00:00,0.0
2010-12-23 00:00:00+00:00,0.0
2010-12-24 00:00:00+00:00,0.0
2010-12-27 00:00:00+00:00,0.0
2010-12-28 00:00:00+00:00,0.0
2010-12-29 00:00:00+00:00,0.0
2010-12-30 00:00:00+00:00,0.0
2010-12-31 00:00:00+00:00,0.0
2011-01-04 00:00:00+00:00,0.6679329813526218
2011-01-05 00:00:00+00:00,0.6675026572978972
2011-01-06 00:00:00+00:00,0.671747952215893
2011-01-07 00:00:00+00:00,0.670487482979355
2011-01-10 00:00:00+00:00,0.6640238926036484
2011-01-11 00:00:00+00:00,0.6649014844817007
2011-01-12 00:00:00+00:00,0.0
2011-01-14 00:00:00+00:00,0.0
2011-01-17 00:00:00+00:00,0.0
2011-01-18 00:00:00+00:00,0.0
2011-01-19 00:00:00+00:00,0.0
2011-01-20 00:00:00+00:00,0.0
2011-01-21 00:00:00+00:00,0.6342333256186402
2011-01-24 00:00:00+00:00,0.6314051530942568
2011-01-25 00:00:00+00:00,0.6290107000158661
2011-01-26 00:00:00+00:00,0.0
2011-01-27 00:00:00+00:00,0.0
2011-01-28 00:00:00+00:00,0.0
2011-01-31 00:00:00+00:00,0.6447235490600431
2011-02-01 00:00:00+00:00,0.6474459484781877
2011-02-09 00:00:00+00:00,0.6474459484781877
2011-02-10 00:00:00+00:00,0.6496822035837339
2011-02-11 00:00:00+00:00,0.6514500033338293
2011-02-14 00:00:00+00:00,0.6545043458446694
2011-02-15 00:00:00+00:00,0.6523294224601854
2011-02-16 00:00:00+00:00,0.6736939508750313
2011-02-18 00:00:00+00:00,0.6701872249469101
2011-02-21 00:00:00+00:00,0.6690028319542519
2011-02-22 00:00:00+00:00,0.6898272384112804
2011-02-23 00:00:00+00:00,0.6880754297186288
2011-02-24 00:00:00+00:00,0.6837877935749578
2011-02-25 00:00:00+00:00,0.6887764136358937
2011-02-28 00:00:00+00:00,0.6932724811715696
2011-03-01 00:00:00+00:00,0.0
2011-03-02 00:00:00+00:00,0.6879368253014992
2011-03-03 00:00:00+00:00,0.6792837190658629
2011-03-04 00:00:00+00:00,0.0
2011-03-07 00:00:00+00:00,0.0
2011-03-08 00:00:00+00:00,0.0
2011-03-09 00:00:00+00:00,0.0
2011-03-10 00:00:00+00:00,0.6982648350849177
2011-03-11 00:00:00+00:00,0.7000100307764248
2011-03-14 00:00:00+00:00,0.7047935841393691
2011-03-15 00:00:00+00:00,0.7024210300064117
2011-03-16 00:00:00+00:00,0.7031037582325209
2011-03-17 00:00:00+00:00,0.6929052515637502
2011-03-18 00:00:00+00:00,0.0
2011-03-21 00:00:00+00:00,0.0
2011-03-22 00:00:00+00:00,0.0
2011-03-23 00:00:00+00:00,0.0
2011-03-24 00:00:00+00:00,0.0
2011-03-25 00:00:00+00:00,0.0
2011-03-28 00:00:00+00:00,0.6895504150692047
2011-03-29 00:00:00+00:00,0.6888142596704436
2011-03-30 00:00:00+00:00,0.6839542361404017
2011-03-31 00:00:00+00:00,0.0
2011-04-01 00:00:00+00:00,0.0
2011-04-06 00:00:00+00:00,0.0
2011-04-07 00:00:00+00:00,0.0
2011-04-08 00:00:00+00:00,0.6983784566816532
2011-04-11 00:00:00+00:00,0.6987430990082145
2011-04-12 00:00:00+00:00,0.7033973989626815
2011-04-13 00:00:00+00:00,0.7016216565206366
2011-04-14 00:00:00+00:00,0.7040982782739839
2011-04-15 00:00:00+00:00,0.7009089816210302
2011-04-18 00:00:00+00:00,0.7026896443571452
2011-04-19 00:00:00+00:00,0.6972828914799
2011-04-20 00:00:00+00:00,0.0
2011-04-21 00:00:00+00:00,0.0
2011-04-22 00:00:00+00:00,0.0
2011-04-25 00:00:00+00:00,0.7295770754505974
2011-04-26 00:00:00+00:00,0.7234941319215777
2011-04-27 00:00:00+00:00,0.7214052109321031
2011-04-28 00:00:00+00:00,0.0
2011-04-29 00:00:00+00:00,0.0
2011-05-03 00:00:00+00:00,0.0
2011-05-04 00:00:00+00:00,0.0
2011-05-05 00:00:00+00:00,0.7013532154105704
2011-05-06 00:00:00+00:00,0.7061472293537606
2011-05-09 00:00:00+00:00,0.7097298406404422
2011-05-11 00:00:00+00:00,0.7093783591140916
2011-05-12 00:00:00+00:00,0.7132296078439228
2011-05-13 00:00:00+00:00,0.7135718410797213
2011-05-16 00:00:00+00:00,0.7169801198519565
2011-05-17 00:00:00+00:00,0.71596516488907
2011-05-18 00:00:00+00:00,0.7125357265964991
2011-05-19 00:00:00+00:00,0.724194340470561
2011-05-20 00:00:00+00:00,0.7222632603354677
2011-05-23 00:00:00+00:00,0.732560468626197
2011-05-24 00:00:00+00:00,0.7285953651799422
2011-05-26 00:00:00+00:00,0.7372827950202572
2011-05-27 00:00:00+00:00,0.7163042910870367
2011-05-30 00:00:00+00:00,0.6944559819194804
2011-05-31 00:00:00+00:00,0.0
2011-06-01 00:00:00+00:00,0.0
2011-06-02 00:00:00+00:00,0.0
2011-06-03 00:00:00+00:00,0.0
2011-06-07 00:00:00+00:00,0.0
2011-06-08 00:00:00+00:00,0.0
2011-06-09 00:00:00+00:00,0.0
2011-06-10 00:00:00+00:00,0.6792634718968426
2011-06-13 00:00:00+00:00,0.0
2011-06-14 00:00:00+00:00,0.0
2011-06-15 00:00:00+00:00,0.0
2011-06-16 00:00:00+00:00,0.0
2011-06-17 00:00:00+00:00,0.0
2011-06-20 00:00:00+00:00,0.0
2011-06-21 00:00:00+00:00,0.0
2011-06-22 00:00:00+00:00,0.0
2011-06-23 00:00:00+00:00,0.0
2011-06-24 00:00:00+00:00,0.65495709661635
2011-06-27 00:00:00+00:00,0.6553952750126653
2011-06-28 00:00:00+00:00,0.6527538264797846
2011-06-29 00:00:00+00:00,0.6487125700899163
2011-06-30 00:00:00+00:00,0.6509717448859594
2011-07-01 00:00:00+00:00,0.0
2011-07-04 00:00:00+00:00,0.0
2011-07-05 00:00:00+00:00,0.6715332829460195
2011-07-06 00:00:00+00:00,0.6719536352887467
2011-07-07 00:00:00+00:00,0.6698452977808037
2011-07-08 00:00:00+00:00,0.6723729131222671
2011-07-11 00:00:00+00:00,0.6764993234123358
2011-07-12 00:00:00+00:00,0.6694195214019254
2011-07-13 00:00:00+00:00,0.6727911205613297
2011-07-14 00:00:00+00:00,0.6748621204151078
2011-07-15 00:00:00+00:00,0.0
2011-07-18 00:00:00+00:00,0.6804321449195162
2011-07-19 00:00:00+00:00,0.6767544217924379
2011-07-20 00:00:00+00:00,0.6775767006061783
2011-07-21 00:00:00+00:00,0.0
2011-07-22 00:00:00+00:00,0.0
2011-07-25 00:00:00+00:00,0.0
2011-07-26 00:00:00+00:00,0.0
2011-07-28 00:00:00+00:00,0.0
2011-07-29 00:00:00+00:00,0.0
2011-08-01 00:00:00+00:00,0.7252319320354927
2011-08-02 00:00:00+00:00,0.7252319320354927
2011-08-03 00:00:00+00:00,0.7189304405141849
2011-08-04 00:00:00+00:00,0.7182107842202196
2011-08-05 00:00:00+00:00,0.0
2011-08-08 00:00:00+00:00,0.0
2011-08-09 00:00:00+00:00,0.0
2011-08-10 00:00:00+00:00,0.0
2011-08-11 00:00:00+00:00,0.0
2011-08-12 00:00:00+00:00,0.0
2011-08-15 00:00:00+00:00,0.7104650151277219
2011-08-16 00:00:00+00:00,0.7046226000390841
2011-08-17 00:00:00+00:00,0.7035031470427793
2011-08-18 00:00:00+00:00,0.6993184254748727
2011-08-19 00:00:00+00:00,0.0
2011-08-22 00:00:00+00:00,0.0
2011-08-23 00:00:00+00:00,0.0
2011-08-24 00:00:00+00:00,0.7246860592234872
2011-08-25 00:00:00+00:00,0.0
2011-08-26 00:00:00+00:00,0.0
2011-08-29 00:00:00+00:00,0.0
2011-08-30 00:00:00+00:00,0.0
2011-08-31 00:00:00+00:00,0.0
2011-09-01 00:00:00+00:00,0.0
2011-09-02 00:00:00+00:00,0.0
2011-09-05 00:00:00+00:00,0.0
2011-09-06 00:00:00+00:00,0.0
2011-09-07 00:00:00+00:00,0.0
2011-09-08 00:00:00+00:00,0.0
2011-09-09 00:00:00+00:00,0.0
2011-09-13 00:00:00+00:00,0.6634652409491179
2011-09-14 00:00:00+00:00,0.0
2011-09-15 00:00:00+00:00,0.0
2011-09-16 00:00:00+00:00,0.0
2011-09-19 00:00:00+00:00,0.6580392514850207
2011-09-20 00:00:00+00:00,0.0
2011-09-21 00:00:00+00:00,0.0
2011-09-22 00:00:00+00:00,0.0
2011-09-23 00:00:00+00:00,0.6606790222242812
2011-09-26 00:00:00+00:00,0.659758012909944
2011-09-27 00:00:00+00:00,0.0
2011-09-28 00:00:00+00:00,0.0
2011-09-29 00:00:00+00:00,0.0
2011-10-10 00:00:00+00:00,0.6516943692450813
2011-10-11 00:00:00+00:00,0.0
2011-10-12 00:00:00+00:00,0.0
2011-10-13 00:00:00+00:00,0.0
2011-10-17 00:00:00+00:00,0.0
2011-10-18 00:00:00+00:00,0.6426004236543035
2011-10-19 00:00:00+00:00,0.6440978561718407
2011-10-20 00:00:00+00:00,0.0
2011-10-21 00:00:00+00:00,0.0
2011-10-24 00:00:00+00:00,0.0
2011-10-25 00:00:00+00:00,0.0
2011-10-26 00:00:00+00:00,0.0
2011-10-27 00:00:00+00:00,0.6379965923944627
2011-10-28 00:00:00+00:00,0.6404945140907817
2011-10-31 00:00:00+00:00,0.6419797466668425
2011-11-01 00:00:00+00:00,0.6404945140907817
2011-11-02 00:00:00+00:00,0.6404945140907817
2011-11-03 00:00:00+00:00,0.6434478678858353
2011-11-04 00:00:00+00:00,0.6449088477746041
2011-11-08 00:00:00+00:00,0.6463530931891358
2011-11-09 00:00:00+00:00,0.6453883472566856
2011-11-10 00:00:00+00:00,0.6404945140907817
2011-11-11 00:00:00+00:00,0.0
2011-11-14 00:00:00+00:00,0.0
2011-11-15 00:00:00+00:00,0.0
2011-11-16 00:00:00+00:00,0.6703841336564844
2011-11-17 00:00:00+00:00,0.6703841336564844
2011-11-18 00:00:00+00:00,0.6642484417094093
2011-11-21 00:00:00+00:00,0.0
2011-11-22 00:00:00+00:00,0.0
2011-11-23 00:00:00+00:00,0.0
2011-11-24 00:00:00+00:00,0.0
2011-11-25 00:00:00+00:00,0.6502203200090501
2011-11-28 00:00:00+00:00,0.0
2011-11-29 00:00:00+00:00,0.0
2011-11-30 00:00:00+00:00,0.0
2011-12-01 00:00:00+00:00,0.6648712610887213
2011-12-02 00:00:00+00:00,0.6583948499712243
2011-12-05 00:00:00+00:00,0.0
2011-12-06 00:00:00+00:00,0.0
2011-12-07 00:00:00+00:00,0.0
2011-12-08 00:00:00+00:00,0.0
2011-12-09 00:00:00+00:00,0.0
2011-12-12 00:00:00+00:00,0.0
2011-12-13 00:00:00+00:00,0.0
2011-12-14 00:00:00+00:00,0.0
2011-12-15 00:00:00+00:00,0.0
2011-12-16 00:00:00+00:00,0.0
2011-12-20 00:00:00+00:00,0.0
2011-12-21 00:00:00+00:00,0.0
2011-12-22 00:00:00+00:00,0.5521762820957017
2011-12-23 00:00:00+00:00,0.556883193558433
2011-12-26 00:00:00+00:00,0.0
2011-12-27 00:00:00+00:00,0.0
2011-12-28 00:00:00+00:00,0.0
2011-12-29 00:00:00+00:00,0.0
2011-12-30 00:00:00+00:00,0.0
2012-01-04 00:00:00+00:00,0.0
2012-01-05 00:00:00+00:00,0.5293508353318798
2012-01-06 00:00:00+00:00,0.5343537871598512
2012-01-09 00:00:00+00:00,0.0
2012-01-10 00:00:00+00:00,0.0
2012-01-11 00:00:00+00:00,0.5662295915934821
2012-01-12 00:00:00+00:00,0.5668847251223779
2012-01-13 00:00:00+00:00,0.5582241533405202
2012-01-16 00:00:00+00:00,0.0
2012-01-17 00:00:00+00:00,0.0
2012-01-18 00:00:00+00:00,0.0
2012-01-19 00:00:00+00:00,0.0
2012-01-20 00:00:00+00:00,0.5874978026717955
2012-01-30 00:00:00+00:00,0.5862160841610724
2012-01-31 00:00:00+00:00,0.5893992311848795
2012-02-01 00:00:00+00:00,0.5893992311848795
2012-02-02 00:00:00+00:00,0.5931561955577818
2012-02-03 00:00:00+00:00,0.5956269675647397
2012-02-06 00:00:00+00:00,0.5943953442508603
2012-02-07 00:00:00+00:00,0.5881356888863796
2012-02-08 00:00:00+00:00,0.5943953442508603
2012-02-09 00:00:00+00:00,0.0
2012-02-10 00:00:00+00:00,0.0
2012-02-13 00:00:00+00:00,0.5988638463578058
2012-02-14 00:00:00+00:00,0.6006787141632856
2012-02-15 00:00:00+00:00,0.6042537105727399
2012-02-16 00:00:00+00:00,0.608918122630411
2012-02-17 00:00:00+00:00,0.6036613409732932
2012-02-20 00:00:00+00:00,0.6054272737267713
2012-02-21 00:00:00+00:00,0.6060143802534296
2012-02-22 00:00:00+00:00,0.0
2012-02-23 00:00:00+00:00,0.6136845461558723
2012-02-24 00:00:00+00:00,0.617090465114827
2012-02-27 00:00:00+00:00,0.6198822637197289
2012-02-28 00:00:00+00:00,0.6423133256016128
2012-02-29 00:00:00+00:00,0.6301340384753394
2012-03-01 00:00:00+00:00,0.6306591371835667
2012-03-02 00:00:00+00:00,0.6316996604131211
2012-03-05 00:00:00+00:00,0.0
2012-03-06 00:00:00+00:00,0.0
2012-03-07 00:00:00+00:00,0.0
2012-03-08 00:00:00+00:00,0.0
2012-03-09 00:00:00+00:00,0.0
2012-03-12 00:00:00+00:00,0.0
2012-03-13 00:00:00+00:00,0.6254963206472345
2012-03-14 00:00:00+00:00,0.6118228109883521
2012-03-15 00:00:00+00:00,0.0
2012-03-16 00:00:00+00:00,0.0
2012-03-19 00:00:00+00:00,0.0
2012-03-20 00:00:00+00:00,0.0
2012-03-21 00:00:00+00:00,0.6345454813652084
2012-03-22 00:00:00+00:00,0.6319098839244419
2012-03-23 00:00:00+00:00,0.6254244135217677
2012-03-26 00:00:00+00:00,0.6243193701939939
2012-03-27 00:00:00+00:00,0.0
2012-03-28 00:00:00+00:00,0.0
2012-03-29 00:00:00+00:00,0.0
2012-03-30 00:00:00+00:00,0.0
2012-04-05 00:00:00+00:00,0.0
2012-04-06 00:00:00+00:00,0.6168942899832367
2012-04-09 00:00:00+00:00,0.617455821699935
2012-04-10 00:00:00+00:00,0.6185683867870921
2012-04-11 00:00:00+00:00,0.6224255720849646
2012-04-12 00:00:00+00:00,0.630429365997714
2012-04-13 00:00:00+00:00,0.6473764385835324
2012-04-16 00:00:00+00:00,0.6335376997897356
2012-04-17 00:00:00+00:00,0.6256694073175388
2012-04-18 00:00:00+00:00,0.6256694073175388
2012-04-19 00:00:00+00:00,0.0
2012-04-20 00:00:00+00:00,0.0
2012-04-23 00:00:00+00:00,0.0
2012-04-24 00:00:00+00:00,0.6213153985217528
2012-04-25 00:00:00+00:00,0.0
2012-04-26 00:00:00+00:00,0.0
2012-04-27 00:00:00+00:00,0.6417997296584663
2012-05-02 00:00:00+00:00,0.6392561114341467
2012-05-03 00:00:00+00:00,0.6345811709494379
2012-05-04 00:00:00+00:00,0.6340536559353057
2012-05-07 00:00:00+00:00,0.0
2012-05-08 00:00:00+00:00,0.0
2012-05-09 00:00:00+00:00,0.0
2012-05-10 00:00:00+00:00,0.0
2012-05-11 00:00:00+00:00,0.0
2012-05-14 00:00:00+00:00,0.0
2012-05-16 00:00:00+00:00,0.0
2012-05-17 00:00:00+00:00,0.6137584198128696
2012-05-18 00:00:00+00:00,0.0
2012-05-21 00:00:00+00:00,0.0
2012-05-22 00:00:00+00:00,0.6132858591495586
2012-05-23 00:00:00+00:00,0.6171186673696487
2012-05-24 00:00:00+00:00,0.6116228271532741
2012-05-25 00:00:00+00:00,0.6088153142968128
2012-05-28 00:00:00+00:00,0.607678631017116
2012-05-29 00:00:00+00:00,0.0
2012-05-30 00:00:00+00:00,0.0
2012-05-31 00:00:00+00:00,0.0
2012-06-01 00:00:00+00:00,0.6154342388482587
2012-06-04 00:00:00+00:00,0.6040167081357006
2012-06-05 00:00:00+00:00,0.0
2012-06-06 00:00:00+00:00,0.0
2012-06-07 00:00:00+00:00,0.0
2012-06-08 00:00:00+00:00,0.0
2012-06-11 00:00:00+00:00,0.6170473998852585
2012-06-12 00:00:00+00:00,0.0
2012-06-13 00:00:00+00:00,0.6276287008167959
2012-06-14 00:00:00+00:00,0.6303322092120361
2012-06-15 00:00:00+00:00,0.6265394865248363
2012-06-18 00:00:00+00:00,0.6259897335622817
2012-06-19 00:00:00+00:00,0.6287170058013106
2012-06-21 00:00:00+00:00,0.0
2012-06-25 00:00:00+00:00,0.0
2012-06-26 00:00:00+00:00,0.6283409329059846
2012-06-27 00:00:00+00:00,0.6326977443072455
2012-06-28 00:00:00+00:00,0.0
2012-06-29 00:00:00+00:00,0.0
2012-07-02 00:00:00+00:00,0.6467568670853918
2012-07-03 00:00:00+00:00,0.6420719887165979
2012-07-04 00:00:00+00:00,0.6431249468083018
2012-07-05 00:00:00+00:00,0.0
2012-07-06 00:00:00+00:00,0.0
2012-07-09 00:00:00+00:00,0.0
2012-07-10 00:00:00+00:00,0.666858462076095
2012-07-11 00:00:00+00:00,0.6630771536310132
2012-07-12 00:00:00+00:00,0.6677928939969653
2012-07-13 00:00:00+00:00,0.6601819192183729
2012-07-16 00:00:00+00:00,0.6572364950489334
2012-07-17 00:00:00+00:00,0.0
2012-07-18 00:00:00+00:00,0.0
2012-07-19 00:00:00+00:00,0.0
2012-07-20 00:00:00+00:00,0.6783102406949353
2012-07-23 00:00:00+00:00,0.6735652362083527
2012-07-24 00:00:00+00:00,0.6691788843948093
2012-07-25 00:00:00+00:00,0.0
2012-07-26 00:00:00+00:00,0.0
2012-07-27 00:00:00+00:00,0.0
2012-07-30 00:00:00+00:00,0.0
2012-07-31 00:00:00+00:00,0.0
2012-08-01 00:00:00+00:00,0.0
2012-08-02 00:00:00+00:00,0.0
2012-08-03 00:00:00+00:00,0.0
2012-08-06 00:00:00+00:00,0.63619041821736
2012-08-07 00:00:00+00:00,0.635647884982881
2012-08-08 00:00:00+00:00,0.6388736903968781
2012-08-09 00:00:00+00:00,0.640462622296457
2012-08-10 00:00:00+00:00,0.6394013445330817
2012-08-13 00:00:00+00:00,0.635647884982881
2012-08-14 00:00:00+00:00,0.6345579496567367
2012-08-15 00:00:00+00:00,0.0
2012-08-16 00:00:00+00:00,0.0
2012-08-17 00:00:00+00:00,0.0
2012-08-20 00:00:00+00:00,0.0
2012-08-21 00:00:00+00:00,0.6556886024624875
2012-08-22 00:00:00+00:00,0.6556886024624875
2012-08-23 00:00:00+00:00,0.6556886024624875
2012-08-24 00:00:00+00:00,0.649950781678733
2012-08-27 00:00:00+00:00,0.0
2012-08-28 00:00:00+00:00,0.0
2012-08-29 00:00:00+00:00,0.0
2012-08-30 00:00:00+00:00,0.0
2012-08-31 00:00:00+00:00,0.6435807135603665
2012-09-03 00:00:00+00:00,0.6451620918177324
2012-09-04 00:00:00+00:00,0.6482779645625826
2012-09-05 00:00:00+00:00,0.6487928211386126
2012-09-06 00:00:00+00:00,0.647761596249471
2012-09-07 00:00:00+00:00,0.6528479929395177
2012-09-10 00:00:00+00:00,0.6568154974528814
2012-09-11 00:00:00+00:00,0.6573056800357807
2012-09-12 00:00:00+00:00,0.6558309133379667
2012-09-13 00:00:00+00:00,0.6543483783613466
2012-09-14 00:00:00+00:00,0.6533495666090454
2012-09-17 00:00:00+00:00,0.0
2012-09-18 00:00:00+00:00,0.0
2012-09-19 00:00:00+00:00,0.0
2012-09-20 00:00:00+00:00,0.0
2012-09-21 00:00:00+00:00,0.0
2012-09-24 00:00:00+00:00,0.0
2012-09-25 00:00:00+00:00,0.0
2012-09-26 00:00:00+00:00,0.0
2012-09-27 00:00:00+00:00,0.6205174952069401
2012-09-28 00:00:00+00:00,0.0
2012-10-08 00:00:00+00:00,0.0
2012-10-09 00:00:00+00:00,0.0
2012-10-10 00:00:00+00:00,0.6361194940420704
2012-10-11 00:00:00+00:00,0.6340141615588666
2012-10-12 00:00:00+00:00,0.6329496641046084
2012-10-15 00:00:00+00:00,0.6286399503785678
2012-10-16 00:00:00+00:00,0.0
2012-10-17 00:00:00+00:00,0.0
2012-10-18 00:00:00+00:00,0.0
2012-10-19 00:00:00+00:00,0.0
2012-10-22 00:00:00+00:00,0.6387765713218352
2012-10-23 00:00:00+00:00,0.6387765713218352
2012-10-24 00:00:00+00:00,0.6434648363615483
2012-10-25 00:00:00+00:00,0.642436426449769
2012-10-26 00:00:00+00:00,0.635041020241244
2012-10-29 00:00:00+00:00,0.6345002800608133
2012-10-30 00:00:00+00:00,0.0
2012-10-31 00:00:00+00:00,0.0
2012-11-01 00:00:00+00:00,0.0
2012-11-02 00:00:00+00:00,0.6470393754675021
2012-11-05 00:00:00+00:00,0.6485978181111505
2012-11-06 00:00:00+00:00,0.655206683513872
2012-11-07 00:00:00+00:00,0.6506612971915506
2012-11-08 00:00:00+00:00,0.6465150679469905
2012-11-09 00:00:00+00:00,0.6601214407495367
2012-11-12 00:00:00+00:00,0.6810408599048949
2012-11-16 00:00:00+00:00,0.6653692837492869
2012-11-19 00:00:00+00:00,0.6630045661311538
2012-11-20 00:00:00+00:00,0.6562029600214625
2012-11-21 00:00:00+00:00,0.0
2012-11-22 00:00:00+00:00,0.0
2012-11-23 00:00:00+00:00,0.0
2012-11-26 00:00:00+00:00,0.0
2012-11-27 00:00:00+00:00,0.0
2012-11-28 00:00:00+00:00,0.0
2012-11-29 00:00:00+00:00,0.0
2012-11-30 00:00:00+00:00,0.0
2012-12-03 00:00:00+00:00,0.0
2012-12-04 00:00:00+00:00,0.0
2012-12-05 00:00:00+00:00,0.0
2012-12-06 00:00:00+00:00,0.0
2012-12-07 00:00:00+00:00,0.0
2012-12-10 00:00:00+00:00,0.5814307329914183
2012-12-11 00:00:00+00:00,0.5771373488572954
2012-12-12 00:00:00+00:00,0.5758989010516761
2012-12-13 00:00:00+00:00,0.5721269411476297
2012-12-14 00:00:00+00:00,0.0
2012-12-17 00:00:00+00:00,0.0
2012-12-18 00:00:00+00:00,0.6061922078968925
2012-12-19 00:00:00+00:00,0.6079498488544242
2012-12-20 00:00:00+00:00,0.6073637578505213
2012-12-21 00:00:00+00:00,0.6067759118826265
2012-12-24 00:00:00+00:00,0.6061922078968925
2012-12-25 00:00:00+00:00,0.0
2012-12-26 00:00:00+00:00,0.6217483045438363
2012-12-27 00:00:00+00:00,0.6228746456470834
2012-12-28 00:00:00+00:00,0.6245600252743762
2012-12-31 00:00:00+00:00,0.6251184759115931
2013-01-04 00:00:00+00:00,0.6245600252743762
2013-01-07 00:00:00+00:00,0.6256752676742341
2013-01-08 00:00:00+00:00,0.6273302527881405
2013-01-09 00:00:00+00:00,0.6284291220999225
2013-01-10 00:00:00+00:00,0.6311427530047623
2013-01-11 00:00:00+00:00,0.6306021194938245
2013-01-14 00:00:00+00:00,0.633817035272325
2013-01-15 00:00:00+00:00,0.6354009619926001
2013-01-16 00:00:00+00:00,0.6364528185965501
2013-01-17 00:00:00+00:00,0.6359276500336809
2013-01-18 00:00:00+00:00,0.6395671314236441
2013-01-21 00:00:00+00:00,0.641612166604837
2013-01-22 00:00:00+00:00,0.6348780375863786
2013-01-23 00:00:00+00:00,0.6456383815405486
2013-01-24 00:00:00+00:00,0.6390509283818407
2013-01-25 00:00:00+00:00,0.0
2013-01-28 00:00:00+00:00,0.6669838660347688
2013-01-29 00:00:00+00:00,0.6674586390778244
2013-01-30 00:00:00+00:00,0.6665125034217058
2013-01-31 00:00:00+00:00,0.6665125034217058
2013-02-01 00:00:00+00:00,0.6621702795662378
2013-02-04 00:00:00+00:00,0.0
2013-02-05 00:00:00+00:00,0.0
2013-02-06 00:00:00+00:00,0.0
2013-02-07 00:00:00+00:00,0.0
2013-02-08 00:00:00+00:00,0.0
2013-02-18 00:00:00+00:00,0.0
2013-02-19 00:00:00+00:00,0.6540071329200048
2013-02-20 00:00:00+00:00,0.6560413925117705
2013-02-21 00:00:00+00:00,0.0
2013-02-22 00:00:00+00:00,0.0
2013-02-25 00:00:00+00:00,0.0
2013-02-26 00:00:00+00:00,0.0
2013-02-27 00:00:00+00:00,0.0
2013-02-28 00:00:00+00:00,0.653002305169247
2013-03-01 00:00:00+00:00,0.0
2013-03-04 00:00:00+00:00,0.654497930557474
2013-03-05 00:00:00+00:00,0.6590652058272646
2013-03-06 00:00:00+00:00,0.6605576019697729
2013-03-07 00:00:00+00:00,0.0
2013-03-08 00:00:00+00:00,0.668689098755856
2013-03-11 00:00:00+00:00,0.668689098755856
2013-03-12 00:00:00+00:00,0.6622054266107911
2013-03-13 00:00:00+00:00,0.0
2013-03-14 00:00:00+00:00,0.0
2013-03-15 00:00:00+00:00,0.0
2013-03-18 00:00:00+00:00,0.6816927126180566
2013-03-19 00:00:00+00:00,0.6812078544433935
2013-03-20 00:00:00+00:00,0.0
2013-03-21 00:00:00+00:00,0.0
2013-03-22 00:00:00+00:00,0.0
2013-03-25 00:00:00+00:00,0.7074962155260937
2013-03-26 00:00:00+00:00,0.7006512127904972
2013-03-27 00:00:00+00:00,0.6992407534240973
2013-03-28 00:00:00+00:00,0.0
2013-03-29 00:00:00+00:00,0.0
2013-04-01 00:00:00+00:00,0.0
2013-04-02 00:00:00+00:00,0.0
2013-04-03 00:00:00+00:00,0.0
2013-04-08 00:00:00+00:00,0.0
2013-04-09 00:00:00+00:00,0.0
2013-04-10 00:00:00+00:00,0.0
2013-04-11 00:00:00+00:00,0.6691971855713821
2013-04-12 00:00:00+00:00,0.668150590770974
2013-04-15 00:00:00+00:00,0.0
2013-04-16 00:00:00+00:00,0.0
2013-04-17 00:00:00+00:00,0.0
2013-04-18 00:00:00+00:00,0.0
2013-04-19 00:00:00+00:00,0.0
2013-04-22 00:00:00+00:00,0.0
2013-04-23 00:00:00+00:00,0.0
2013-04-24 00:00:00+00:00,0.6544889630625983
2013-04-25 00:00:00+00:00,0.0
2013-04-26 00:00:00+00:00,0.0
2013-05-02 00:00:00+00:00,0.0
2013-05-03 00:00:00+00:00,0.0
2013-05-06 00:00:00+00:00,0.0
2013-05-07 00:00:00+00:00,0.6567970118866437
2013-05-08 00:00:00+00:00,0.6578870681670216
2013-05-09 00:00:00+00:00,0.6792405453733241
2013-05-10 00:00:00+00:00,0.6773235635775101
2013-05-13 00:00:00+00:00,0.6734200286959209
2013-05-14 00:00:00+00:00,0.6816108605133518
2013-05-15 00:00:00+00:00,0.6816108605133518
2013-05-16 00:00:00+00:00,0.6768395206596104
2013-05-17 00:00:00+00:00,0.6768395206596104
2013-05-20 00:00:00+00:00,0.6773235635775101
2013-05-21 00:00:00+00:00,0.0
2013-05-22 00:00:00+00:00,0.0
2013-05-23 00:00:00+00:00,0.0
2013-05-24 00:00:00+00:00,0.0
2013-05-27 00:00:00+00:00,0.0
2013-05-28 00:00:00+00:00,0.0
2013-05-29 00:00:00+00:00,0.6762076706007326
2013-05-30 00:00:00+00:00,0.672756657991568
2013-05-31 00:00:00+00:00,0.6742467491143349
2013-06-03 00:00:00+00:00,0.0
2013-06-04 00:00:00+00:00,0.0
2013-06-05 00:00:00+00:00,0.0
2013-06-06 00:00:00+00:00,0.0
2013-06-07 00:00:00+00:00,0.0
2013-06-13 00:00:00+00:00,0.0
2013-06-14 00:00:00+00:00,0.0
2013-06-17 00:00:00+00:00,0.0
2013-06-18 00:00:00+00:00,0.0
2013-06-19 00:00:00+00:00,0.6323497473684369
2013-06-20 00:00:00+00:00,0.6272344686264826
2013-06-21 00:00:00+00:00,0.0
2013-06-24 00:00:00+00:00,0.0
2013-06-25 00:00:00+00:00,0.0
2013-06-26 00:00:00+00:00,0.0
2013-06-27 00:00:00+00:00,0.0
2013-06-28 00:00:00+00:00,0.0
2013-07-01 00:00:00+00:00,0.0
2013-07-02 00:00:00+00:00,0.575436233026456
2013-07-03 00:00:00+00:00,0.0
2013-07-04 00:00:00+00:00,0.5738354758955713
2013-07-05 00:00:00+00:00,0.5744930161620858
2013-07-08 00:00:00+00:00,0.0
2013-07-09 00:00:00+00:00,0.0
2013-07-10 00:00:00+00:00,0.0
2013-07-11 00:00:00+00:00,0.0
2013-07-12 00:00:00+00:00,0.0
2013-07-15 00:00:00+00:00,0.5793877449081822
2013-07-16 00:00:00+00:00,0.5800412308731574
2013-07-17 00:00:00+00:00,0.5760962177130876
2013-07-18 00:00:00+00:00,0.0
2013-07-19 00:00:00+00:00,0.0
2013-07-22 00:00:00+00:00,0.0
2013-07-23 00:00:00+00:00,0.0
2013-07-24 00:00:00+00:00,0.0
2013-07-25 00:00:00+00:00,0.5795598580207184
2013-07-26 00:00:00+00:00,0.5782504397141905
2013-07-29 00:00:00+00:00,0.5742794784879
2013-07-30 00:00:00+00:00,0.5742794784879
2013-07-31 00:00:00+00:00,0.0
2013-08-01 00:00:00+00:00,0.0
2013-08-02 00:00:00+00:00,0.5882101411688573
2013-08-05 00:00:00+00:00,0.5914223453378109
2013-08-06 00:00:00+00:00,0.5983170034742672
2013-08-07 00:00:00+00:00,0.595212706923996
2013-08-08 00:00:00+00:00,0.5926957776242459
2013-08-09 00:00:00+00:00,0.6154274987532087
2013-08-12 00:00:00+00:00,0.6176721012937181
2013-08-13 00:00:00+00:00,0.6215418553067811
2013-08-14 00:00:00+00:00,0.615992527105301
2013-08-15 00:00:00+00:00,0.6142924390319983
2013-08-16 00:00:00+00:00,0.6061732604075052
2013-08-19 00:00:00+00:00,0.0
2013-08-20 00:00:00+00:00,0.0
2013-08-21 00:00:00+00:00,0.0
2013-08-22 00:00:00+00:00,0.0
2013-08-23 00:00:00+00:00,0.6022052967839662
2013-08-26 00:00:00+00:00,0.0
2013-08-27 00:00:00+00:00,0.0
2013-08-28 00:00:00+00:00,0.6170633664600625
2013-08-29 00:00:00+00:00,0.6182230620521022
2013-08-30 00:00:00+00:00,0.6170633664600625
2013-09-02 00:00:00+00:00,0.0
2013-09-03 00:00:00+00:00,0.0
2013-09-04 00:00:00+00:00,0.6218476222331158
2013-09-05 00:00:00+00:00,0.6201203095522179
2013-09-06 00:00:00+00:00,0.618382981654938
2013-09-09 00:00:00+00:00,0.0
2013-09-10 00:00:00+00:00,0.0
2013-09-11 00:00:00+00:00,0.0
2013-09-12 00:00:00+00:00,0.6429000653664634
2013-09-13 00:00:00+00:00,0.6450716344239048
2013-09-16 00:00:00+00:00,0.640701759972726
2013-09-17 00:00:00+00:00,0.6356480991543434
2013-09-18 00:00:00+00:00,0.0
2013-09-23 00:00:00+00:00,0.0
2013-09-24 00:00:00+00:00,0.0
2013-09-25 00:00:00+00:00,0.0
2013-09-26 00:00:00+00:00,0.6320901728099201
2013-09-27 00:00:00+00:00,0.0
2013-09-30 00:00:00+00:00,0.0
2013-10-08 00:00:00+00:00,0.0
2013-10-09 00:00:00+00:00,0.6464369089188757
2013-10-10 00:00:00+00:00,0.6503354290286175
2013-10-11 00:00:00+00:00,0.651982370554957
2013-10-14 00:00:00+00:00,0.653066309566514
2013-10-15 00:00:00+00:00,0.6578801150275394
2013-10-16 00:00:00+00:00,0.649782979089143
2013-10-17 00:00:00+00:00,0.6486783938489655
2013-10-18 00:00:00+00:00,0.0
2013-10-21 00:00:00+00:00,0.0
2013-10-22 00:00:00+00:00,0.0
2013-10-23 00:00:00+00:00,0.0
2013-10-24 00:00:00+00:00,0.6432187670439946
2013-10-25 00:00:00+00:00,0.0
2013-10-28 00:00:00+00:00,0.0
2013-10-29 00:00:00+00:00,0.0
2013-10-30 00:00:00+00:00,0.0
2013-10-31 00:00:00+00:00,0.0
2013-11-01 00:00:00+00:00,0.6443007644828889
2013-11-04 00:00:00+00:00,0.6471476059668377
2013-11-05 00:00:00+00:00,0.6477058845057675
2013-11-06 00:00:00+00:00,0.6477058845057675
2013-11-07 00:00:00+00:00,0.6465818890695759
2013-11-08 00:00:00+00:00,0.6390708020894431
2013-11-11 00:00:00+00:00,0.0
2013-11-12 00:00:00+00:00,0.0
2013-11-13 00:00:00+00:00,0.0
2013-11-14 00:00:00+00:00,0.0
2013-11-15 00:00:00+00:00,0.0
2013-11-18 00:00:00+00:00,0.0
2013-11-19 00:00:00+00:00,0.6505542400377364
2013-11-20 00:00:00+00:00,0.6505542400377364
2013-11-21 00:00:00+00:00,0.6505542400377364
2013-11-22 00:00:00+00:00,0.6488248039074253
2013-11-25 00:00:00+00:00,0.0
2013-11-26 00:00:00+00:00,0.6750836325096867
2013-11-27 00:00:00+00:00,0.6708441216474459
2013-11-28 00:00:00+00:00,0.6713760775612967
2013-11-29 00:00:00+00:00,0.6719116640618336
2013-12-02 00:00:00+00:00,0.6625794693088752
2013-12-03 00:00:00+00:00,0.0
2013-12-04 00:00:00+00:00,0.0
2013-12-05 00:00:00+00:00,0.0
2013-12-06 00:00:00+00:00,0.6794019697439688
2013-12-09 00:00:00+00:00,0.6788649514695635
2013-12-10 00:00:00+00:00,0.679937194958567
2013-12-11 00:00:00+00:00,0.6761581165071655
2013-12-12 00:00:00+00:00,0.0
2013-12-13 00:00:00+00:00,0.0
2013-12-16 00:00:00+00:00,0.0
2013-12-17 00:00:00+00:00,0.0
2013-12-18 00:00:00+00:00,0.0
2013-12-19 00:00:00+00:00,0.0
2013-12-20 00:00:00+00:00,0.6706850700967351
2013-12-23 00:00:00+00:00,0.671804398294727
2013-12-24 00:00:00+00:00,0.0
2013-12-25 00:00:00+00:00,0.0
2013-12-26 00:00:00+00:00,0.6987910978598362
2013-12-27 00:00:00+00:00,0.7039540399065817
2013-12-30 00:00:00+00:00,0.7054650659851456
2013-12-31 00:00:00+00:00,0.7049614257323716
2014-01-02 00:00:00+00:00,0.7039540399065817
2014-01-03 00:00:00+00:00,0.7094282280626327
2014-01-06 00:00:00+00:00,0.7069607457608754
2014-01-07 00:00:00+00:00,0.7074575890823308
2014-01-08 00:00:00+00:00,0.7044560601292041
2014-08-21 00:00:00+00:00,0.0
2014-08-22 00:00:00+00:00,0.7591387171771219
2014-08-25 00:00:00+00:00,0.7538883647289896
2014-08-26 00:00:00+00:00,0.7471942389910491
2014-08-27 00:00:00+00:00,0.7426654687868557
2014-08-28 00:00:00+00:00,0.0
2014-08-29 00:00:00+00:00,0.0
2014-09-01 00:00:00+00:00,0.0
2014-09-02 00:00:00+00:00,0.0
2014-09-03 00:00:00+00:00,0.7595264503700334
2014-09-04 00:00:00+00:00,0.7603058413988101
2014-09-05 00:00:00+00:00,0.7614655010504914
2014-09-09 00:00:00+00:00,0.7622285714120358
2014-09-10 00:00:00+00:00,0.7656158294269723
2014-09-11 00:00:00+00:00,0.7644962678921015
2014-09-12 00:00:00+00:00,0.7696242022817799
2014-09-15 00:00:00+00:00,0.778904792416969
2014-09-16 00:00:00+00:00,0.7834273080049613
2014-09-17 00:00:00+00:00,0.7939678335979141
2014-09-18 00:00:00+00:00,0.7892802852794758
2014-09-19 00:00:00+00:00,0.7880756388702513
2014-09-22 00:00:00+00:00,0.7874666088609676
2014-09-23 00:00:00+00:00,0.0
2014-09-24 00:00:00+00:00,0.0
2014-09-25 00:00:00+00:00,0.0
2014-09-26 00:00:00+00:00,0.8235075925660219
2014-09-29 00:00:00+00:00,0.8209137294566332
2014-09-30 00:00:00+00:00,0.8219614119091829
2014-10-08 00:00:00+00:00,0.8217006421864184
2014-10-09 00:00:00+00:00,0.0
2014-10-10 00:00:00+00:00,0.0
2014-10-13 00:00:00+00:00,0.0
2014-10-14 00:00:00+00:00,0.0
2014-10-15 00:00:00+00:00,0.0
2014-10-16 00:00:00+00:00,0.0
2014-10-17 00:00:00+00:00,0.0
2014-10-20 00:00:00+00:00,0.0
2014-10-21 00:00:00+00:00,0.0
2014-10-22 00:00:00+00:00,0.0
2014-10-23 00:00:00+00:00,0.7580895968406086
2014-10-24 00:00:00+00:00,0.0
2014-10-27 00:00:00+00:00,0.0
2014-10-28 00:00:00+00:00,0.0
2014-10-29 00:00:00+00:00,0.7983166079529922
2014-10-30 00:00:00+00:00,0.8088069529869227
2014-10-31 00:00:00+00:00,0.8088069529869227
2014-11-03 00:00:00+00:00,0.8230898594162258
2014-11-04 00:00:00+00:00,0.8253037291592761
2014-11-05 00:00:00+00:00,0.8239829953435897
2014-11-06 00:00:00+00:00,0.829356590100746
2014-11-07 00:00:00+00:00,0.8242026560341524
2014-11-10 00:00:00+00:00,0.819665305316403
2014-11-11 00:00:00+00:00,0.0
2014-11-12 00:00:00+00:00,0.0
2014-11-13 00:00:00+00:00,0.0
2014-11-14 00:00:00+00:00,0.0
2014-11-17 00:00:00+00:00,0.0
2014-11-18 00:00:00+00:00,0.0
2014-11-19 00:00:00+00:00,0.0
2014-11-20 00:00:00+00:00,0.7899286407431203
2014-11-21 00:00:00+00:00,0.7904722653854447
2014-11-24 00:00:00+00:00,0.7902008052191799
2014-11-25 00:00:00+00:00,0.79101308369608
2014-11-26 00:00:00+00:00,0.7977852870046515
2014-11-27 00:00:00+00:00,0.7957499392929905
2014-11-28 00:00:00+00:00,0.7920837182839736
2014-12-01 00:00:00+00:00,0.7899286407431203
2014-12-02 00:00:00+00:00,0.0
2014-12-03 00:00:00+00:00,0.0
2014-12-04 00:00:00+00:00,0.0
2014-12-05 00:00:00+00:00,0.8045064982990735
2014-12-08 00:00:00+00:00,0.0
2014-12-09 00:00:00+00:00,0.0
2014-12-10 00:00:00+00:00,0.0
2014-12-11 00:00:00+00:00,0.0
2014-12-12 00:00:00+00:00,0.904133928991626
2014-12-15 00:00:00+00:00,0.9033946971287394
2014-12-16 00:00:00+00:00,0.9042562393871885
2014-12-17 00:00:00+00:00,0.9121954596109252
2014-12-18 00:00:00+00:00,0.9195266022945133
2014-12-19 00:00:00+00:00,0.9226726879280704
2014-12-22 00:00:00+00:00,0.9234598079570773
2014-12-23 00:00:00+00:00,0.915644064817563
2014-12-24 00:00:00+00:00,0.9148795528633792
2014-12-25 00:00:00+00:00,0.0
2014-12-26 00:00:00+00:00,0.0
2014-12-29 00:00:00+00:00,0.0
2014-12-30 00:00:00+00:00,0.9035709308134667
2014-12-31 00:00:00+00:00,0.0
2015-01-05 00:00:00+00:00,0.0
2015-01-06 00:00:00+00:00,0.0
2015-01-07 00:00:00+00:00,0.0
2015-01-08 00:00:00+00:00,0.0
2015-01-09 00:00:00+00:00,0.0
2015-01-12 00:00:00+00:00,0.0
2015-01-13 00:00:00+00:00,0.0
2015-01-14 00:00:00+00:00,0.0
2015-01-15 00:00:00+00:00,0.0
2015-01-16 00:00:00+00:00,0.0
2015-01-19 00:00:00+00:00,0.0
2015-01-20 00:00:00+00:00,0.9473551980897391
2015-01-21 00:00:00+00:00,0.0
2015-01-22 00:00:00+00:00,0.0
2015-01-23 00:00:00+00:00,0.0
2015-01-26 00:00:00+00:00,0.0
2015-01-27 00:00:00+00:00,0.0
2015-01-28 00:00:00+00:00,0.0
2015-01-29 00:00:00+00:00,0.0
2015-01-30 00:00:00+00:00,0.0
2015-02-02 00:00:00+00:00,0.0
2015-02-03 00:00:00+00:00,0.0
2015-02-04 00:00:00+00:00,0.0
2015-02-05 00:00:00+00:00,0.0
2015-02-06 00:00:00+00:00,0.0
2015-02-09 00:00:00+00:00,0.0
2015-02-10 00:00:00+00:00,0.0
2015-02-11 00:00:00+00:00,0.0
2015-02-12 00:00:00+00:00,0.0
2015-02-13 00:00:00+00:00,0.9307308731742889
2015-02-16 00:00:00+00:00,0.9303205109803382
2015-02-17 00:00:00+00:00,0.9309744538775181
2015-02-25 00:00:00+00:00,0.9300714516294325
2015-02-26 00:00:00+00:00,0.9326350247332603
2015-02-27 00:00:00+00:00,0.932558391103109
2015-03-02 00:00:00+00:00,0.9336988842674495
2015-03-03 00:00:00+00:00,0.9322469766820844
2015-03-04 00:00:00+00:00,0.9320909742450704
2015-03-05 00:00:00+00:00,0.9312968438777327
2015-03-06 00:00:00+00:00,0.0
2015-03-09 00:00:00+00:00,0.0
2015-03-10 00:00:00+00:00,0.9856639167438823
2015-03-11 00:00:00+00:00,0.9862174666868962
2015-03-12 00:00:00+00:00,0.9858266746535581
2015-03-13 00:00:00+00:00,0.9855479617697763
2015-03-16 00:00:00+00:00,0.985778187991287
2015-03-17 00:00:00+00:00,0.0
2015-03-18 00:00:00+00:00,0.0
2015-03-19 00:00:00+00:00,0.0
2015-03-20 00:00:00+00:00,0.0
2015-03-23 00:00:00+00:00,0.0
2015-03-24 00:00:00+00:00,0.0
2015-03-25 00:00:00+00:00,0.0
2015-03-26 00:00:00+00:00,0.0
2015-03-27 00:00:00+00:00,0.0
2015-03-30 00:00:00+00:00,0.0
2015-03-31 00:00:00+00:00,0.0
2015-04-01 00:00:00+00:00,0.0
2015-04-02 00:00:00+00:00,0.0
2015-04-03 00:00:00+00:00,0.0
2015-04-07 00:00:00+00:00,0.0
2015-04-08 00:00:00+00:00,0.0
2015-04-09 00:00:00+00:00,0.0
2015-04-10 00:00:00+00:00,0.0
2015-04-13 00:00:00+00:00,0.0
2015-04-14 00:00:00+00:00,0.0
2015-04-15 00:00:00+00:00,0.0
2015-04-16 00:00:00+00:00,0.0
2015-04-17 00:00:00+00:00,0.0
2015-04-20 00:00:00+00:00,0.0
2015-04-21 00:00:00+00:00,0.0
2015-04-22 00:00:00+00:00,0.0
2015-04-23 00:00:00+00:00,0.0
2015-04-24 00:00:00+00:00,0.0
2015-04-27 00:00:00+00:00,0.0
2015-04-28 00:00:00+00:00,0.0
2015-04-29 00:00:00+00:00,0.0
2015-04-30 00:00:00+00:00,0.0
2015-05-04 00:00:00+00:00,0.0
2015-05-05 00:00:00+00:00,0.0
2015-05-06 00:00:00+00:00,0.0
2015-05-07 00:00:00+00:00,0.0
2015-05-08 00:00:00+00:00,0.0
2015-05-11 00:00:00+00:00,0.0
2015-05-12 00:00:00+00:00,0.0
2015-05-13 00:00:00+00:00,0.0
2015-05-14 00:00:00+00:00,0.0
2015-05-15 00:00:00+00:00,0.0
2015-05-18 00:00:00+00:00,0.0
2015-05-19 00:00:00+00:00,0.0
2015-05-20 00:00:00+00:00,0.0
2015-05-21 00:00:00+00:00,0.0
2015-05-22 00:00:00+00:00,0.0
2015-05-25 00:00:00+00:00,0.0
2015-05-26 00:00:00+00:00,0.0
2015-05-27 00:00:00+00:00,0.0
2015-05-28 00:00:00+00:00,0.0
2015-05-29 00:00:00+00:00,0.0
2015-06-01 00:00:00+00:00,0.0
2015-06-02 00:00:00+00:00,0.0
2015-06-03 00:00:00+00:00,0.0
2015-06-04 00:00:00+00:00,0.0
2015-06-05 00:00:00+00:00,0.0
2015-06-08 00:00:00+00:00,0.0
2015-06-09 00:00:00+00:00,0.0
2015-06-10 00:00:00+00:00,0.0
2015-06-11 00:00:00+00:00,0.0
2015-06-12 00:00:00+00:00,0.0
2015-06-15 00:00:00+00:00,0.0
2015-06-16 00:00:00+00:00,0.0
2015-06-17 00:00:00+00:00,0.0
2015-06-18 00:00:00+00:00,0.0
2015-06-19 00:00:00+00:00,0.0
2015-06-23 00:00:00+00:00,0.0
2015-06-24 00:00:00+00:00,0.0
2015-06-25 00:00:00+00:00,0.0
2015-06-26 00:00:00+00:00,0.0
2015-06-29 00:00:00+00:00,0.0
2015-06-30 00:00:00+00:00,0.0
2015-07-01 00:00:00+00:00,0.0
2015-07-02 00:00:00+00:00,0.0
2015-07-03 00:00:00+00:00,0.0
2015-07-06 00:00:00+00:00,0.0
2015-07-07 00:00:00+00:00,0.0
2015-07-08 00:00:00+00:00,0.0
2015-07-09 00:00:00+00:00,0.0
2015-07-10 00:00:00+00:00,0.0
2015-07-13 00:00:00+00:00,0.0
2015-07-14 00:00:00+00:00,0.0
2015-07-15 00:00:00+00:00,0.0
2015-07-16 00:00:00+00:00,0.0
2015-07-17 00:00:00+00:00,0.0
2015-07-20 00:00:00+00:00,0.0
2015-07-21 00:00:00+00:00,0.0
2015-07-22 00:00:00+00:00,0.0
2015-07-23 00:00:00+00:00,0.0
2015-07-24 00:00:00+00:00,0.0
2015-07-27 00:00:00+00:00,0.0
2015-07-28 00:00:00+00:00,0.0
2015-07-29 00:00:00+00:00,0.0
2015-07-30 00:00:00+00:00,0.0
2015-07-31 00:00:00+00:00,0.0
2015-08-03 00:00:00+00:00,0.0
2015-08-04 00:00:00+00:00,0.0
2015-08-05 00:00:00+00:00,0.0
2015-08-06 00:00:00+00:00,0.0
2015-08-07 00:00:00+00:00,0.9824640765258061
2015-08-10 00:00:00+00:00,0.9839063635663964
2015-08-11 00:00:00+00:00,0.983954566554519
2015-08-12 00:00:00+00:00,0.9844067693650802
2015-08-13 00:00:00+00:00,0.9849621815454793
2015-08-14 00:00:00+00:00,0.9863093128775595
2015-08-17 00:00:00+00:00,0.9866731318897172
2015-08-18 00:00:00+00:00,0.9852115327480273
2015-08-19 00:00:00+00:00,0.9853466845018888
2015-08-20 00:00:00+00:00,0.9850323008438557
2015-08-21 00:00:00+00:00,0.0
2015-08-24 00:00:00+00:00,0.0
2015-08-25 00:00:00+00:00,0.0
2015-08-26 00:00:00+00:00,0.0
2015-08-27 00:00:00+00:00,0.0
2015-08-28 00:00:00+00:00,0.0
2015-08-31 00:00:00+00:00,0.0
2015-09-01 00:00:00+00:00,0.788793819304716
2015-09-02 00:00:00+00:00,0.7733545911533424
2015-09-07 00:00:00+00:00,0.0
2015-09-08 00:00:00+00:00,0.0
2015-09-09 00:00:00+00:00,0.0
2015-09-10 00:00:00+00:00,0.8367724101074743
2015-09-11 00:00:00+00:00,0.8392968739714962
2015-09-14 00:00:00+00:00,0.8297057032991151
2015-09-15 00:00:00+00:00,0.0
2015-09-16 00:00:00+00:00,0.0
2015-09-17 00:00:00+00:00,0.0
2015-09-18 00:00:00+00:00,0.0
2015-09-21 00:00:00+00:00,0.8532782407934492
2015-09-22 00:00:00+00:00,0.8549962859151872
2015-09-23 00:00:00+00:00,0.8509818878015789
2015-09-24 00:00:00+00:00,0.8534522227193326
2015-09-25 00:00:00+00:00,0.8484286996969815
2015-09-28 00:00:00+00:00,0.0
2015-09-29 00:00:00+00:00,0.0
2015-09-30 00:00:00+00:00,0.0
2015-10-08 00:00:00+00:00,0.0
2015-10-09 00:00:00+00:00,0.8868055715590794
2015-10-12 00:00:00+00:00,0.8909639670445801
2015-10-13 00:00:00+00:00,0.8945949488930741
2015-10-14 00:00:00+00:00,0.8923238071937227
2015-10-15 00:00:00+00:00,0.8959805196436826
2015-10-16 00:00:00+00:00,0.9000314355611585
2015-10-19 00:00:00+00:00,0.897991895443712
2015-10-20 00:00:00+00:00,0.8987523457798274
2015-10-21 00:00:00+00:00,0.8889236754286163
2015-10-22 00:00:00+00:00,0.0
2015-10-23 00:00:00+00:00,0.0
2015-10-26 00:00:00+00:00,0.0
2015-10-27 00:00:00+00:00,0.0
2015-10-28 00:00:00+00:00,0.0
2015-10-29 00:00:00+00:00,0.0
2015-10-30 00:00:00+00:00,0.0
2015-11-02 00:00:00+00:00,0.0
2015-11-03 00:00:00+00:00,0.0
2015-11-04 00:00:00+00:00,0.0
2015-11-05 00:00:00+00:00,0.0
2015-11-06 00:00:00+00:00,0.0
2015-11-09 00:00:00+00:00,0.0
2015-11-10 00:00:00+00:00,0.0
2015-11-11 00:00:00+00:00,0.0
2015-11-12 00:00:00+00:00,0.0
2015-11-13 00:00:00+00:00,0.0
2015-11-16 00:00:00+00:00,0.0
2015-11-17 00:00:00+00:00,0.0
2015-11-18 00:00:00+00:00,0.0
2015-11-19 00:00:00+00:00,0.0
2015-11-20 00:00:00+00:00,0.0
2015-11-23 00:00:00+00:00,0.0
2015-11-24 00:00:00+00:00,0.0
2015-11-25 00:00:00+00:00,0.0
2015-11-26 00:00:00+00:00,0.0
2015-11-27 00:00:00+00:00,0.0
2015-11-30 00:00:00+00:00,0.0
2015-12-01 00:00:00+00:00,0.0
2015-12-02 00:00:00+00:00,0.0
2015-12-03 00:00:00+00:00,0.0
2015-12-04 00:00:00+00:00,0.0
2015-12-07 00:00:00+00:00,0.0
2015-12-08 00:00:00+00:00,0.0
2015-12-09 00:00:00+00:00,0.0
2015-12-10 00:00:00+00:00,0.0
2015-12-11 00:00:00+00:00,0.0
2015-12-14 00:00:00+00:00,0.0
2015-12-15 00:00:00+00:00,0.0
2015-12-16 00:00:00+00:00,0.0
2015-12-17 00:00:00+00:00,0.0
2015-12-18 00:00:00+00:00,0.0
2015-12-21 00:00:00+00:00,0.0
2015-12-22 00:00:00+00:00,0.0
2015-12-23 00:00:00+00:00,0.0
2015-12-24 00:00:00+00:00,0.0
2015-12-25 00:00:00+00:00,0.0
2015-12-28 00:00:00+00:00,0.0
2015-12-29 00:00:00+00:00,0.0
2015-12-30 00:00:00+00:00,0.0
2015-12-31 00:00:00+00:00,0.0
2016-01-04 00:00:00+00:00,0.0
2016-01-05 00:00:00+00:00,0.0
2016-01-06 00:00:00+00:00,0.0
2016-01-07 00:00:00+00:00,0.0
2016-01-08 00:00:00+00:00,0.0
2016-01-11 00:00:00+00:00,0.0
2016-01-12 00:00:00+00:00,0.0
2016-01-13 00:00:00+00:00,0.0
2016-01-14 00:00:00+00:00,0.0
2016-01-15 00:00:00+00:00,0.0
2016-01-18 00:00:00+00:00,0.0
2016-01-19 00:00:00+00:00,0.0
2016-01-20 00:00:00+00:00,0.0
2016-01-21 00:00:00+00:00,0.0
2016-01-22 00:00:00+00:00,0.997999575283225
2016-01-25 00:00:00+00:00,0.9980399579507282
2016-01-26 00:00:00+00:00,0.0
2016-01-27 00:00:00+00:00,0.0
2016-01-28 00:00:00+00:00,0.0
2016-01-29 00:00:00+00:00,0.0
2016-02-01 00:00:00+00:00,0.0
2016-02-02 00:00:00+00:00,0.0
2016-02-03 00:00:00+00:00,0.9613545853270387
2016-02-04 00:00:00+00:00,0.9647437665755574
2016-02-05 00:00:00+00:00,0.9633560870467278
2016-02-15 00:00:00+00:00,0.9639166178252123
2016-02-16 00:00:00+00:00,0.9655001705122626
2016-02-17 00:00:00+00:00,0.9672867448857
2016-02-18 00:00:00+00:00,0.9683974821826539
2016-02-19 00:00:00+00:00,0.9699796327910675
2016-02-22 00:00:00+00:00,0.969329080930322
2016-02-23 00:00:00+00:00,0.9685379825247253
2016-02-24 00:00:00+00:00,0.9692489543670548
2016-02-25 00:00:00+00:00,0.0
2016-02-26 00:00:00+00:00,0.0
2016-02-29 00:00:00+00:00,0.0
2016-03-01 00:00:00+00:00,0.0
2016-03-02 00:00:00+00:00,0.0
2016-03-03 00:00:00+00:00,0.0
2016-03-04 00:00:00+00:00,0.8699402631239207
2016-03-07 00:00:00+00:00,0.877519982532326
2016-03-08 00:00:00+00:00,0.8743223678894563
2016-03-09 00:00:00+00:00,0.8706170149644341
2016-03-10 00:00:00+00:00,0.8643838454296799
2016-03-11 00:00:00+00:00,0.0
2016-03-14 00:00:00+00:00,0.0
2016-03-15 00:00:00+00:00,0.0
2016-03-16 00:00:00+00:00,0.0
2016-03-17 00:00:00+00:00,0.8555473215885578
2016-03-18 00:00:00+00:00,0.8596408780826829
2016-03-21 00:00:00+00:00,0.8636229110263512
2016-03-22 00:00:00+00:00,0.8636229110263512
2016-03-23 00:00:00+00:00,0.8631665405187815
2016-03-24 00:00:00+00:00,0.8613089212752872
2016-03-25 00:00:00+00:00,0.861426719562603
2016-03-28 00:00:00+00:00,0.0
2016-03-29 00:00:00+00:00,0.0
2016-03-30 00:00:00+00:00,0.0
2016-03-31 00:00:00+00:00,0.0
2016-04-05 00:00:00+00:00,0.0
2016-04-06 00:00:00+00:00,0.7615652150664876
2016-04-07 00:00:00+00:00,0.0
2016-04-08 00:00:00+00:00,0.0
2016-04-11 00:00:00+00:00,0.0
2016-04-12 00:00:00+00:00,0.0
2016-04-13 00:00:00+00:00,0.0
2016-04-14 00:00:00+00:00,0.8019216765394108
2016-04-15 00:00:00+00:00,0.8095346964804382
2016-04-18 00:00:00+00:00,0.8167228643641156
2016-04-19 00:00:00+00:00,0.8151884373063879
2016-04-20 00:00:00+00:00,0.8098335691509969
2016-04-21 00:00:00+00:00,0.8108693257972218
2016-04-22 00:00:00+00:00,0.0
2016-04-25 00:00:00+00:00,0.0
2016-04-26 00:00:00+00:00,0.9019511828677327
2016-04-27 00:00:00+00:00,0.903521542634908
2016-04-28 00:00:00+00:00,0.9041361502112334
2016-04-29 00:00:00+00:00,0.9040596571492978
2016-05-03 00:00:00+00:00,0.9047422220674316
2016-05-04 00:00:00+00:00,0.9030555855941587
2016-05-05 00:00:00+00:00,0.9033664632267044
2016-05-06 00:00:00+00:00,0.0
2016-05-09 00:00:00+00:00,0.0
2016-05-10 00:00:00+00:00,0.0
2016-05-11 00:00:00+00:00,0.0
2016-05-12 00:00:00+00:00,0.0
2016-05-13 00:00:00+00:00,0.0
2016-05-16 00:00:00+00:00,0.8865154682432707
2016-05-17 00:00:00+00:00,0.8884120021499448
2016-05-18 00:00:00+00:00,0.8843731836977448
2016-05-19 00:00:00+00:00,0.8872992579155586
2016-05-20 00:00:00+00:00,0.8879859759698434
2016-05-23 00:00:00+00:00,0.0
2016-05-24 00:00:00+00:00,0.8936370674811995
2016-05-25 00:00:00+00:00,0.8917498824108963
2016-05-26 00:00:00+00:00,0.89149918115486
2016-05-27 00:00:00+00:00,0.0
2016-05-30 00:00:00+00:00,0.0
2016-11-21 00:00:00+00:00,0.9400852522948854
2016-11-22 00:00:00+00:00,0.9397030228013465
2016-11-23 00:00:00+00:00,0.9398945060324323
2016-11-24 00:00:00+00:00,0.0
2016-11-25 00:00:00+00:00,0.0
2016-11-28 00:00:00+00:00,0.0
2016-11-29 00:00:00+00:00,0.0
2016-11-30 00:00:00+00:00,0.0
2016-12-01 00:00:00+00:00,0.0
2016-12-02 00:00:00+00:00,0.9172121741945599
2016-12-05 00:00:00+00:00,0.9139755401575932
2016-12-06 00:00:00+00:00,0.9141250204760202
2016-12-07 00:00:00+00:00,0.0
2016-12-08 00:00:00+00:00,0.0
2016-12-09 00:00:00+00:00,0.0
2016-12-12 00:00:00+00:00,0.9217135853334695
2016-12-13 00:00:00+00:00,0.0
2016-12-14 00:00:00+00:00,0.0
2016-12-15 00:00:00+00:00,0.0
2016-12-16 00:00:00+00:00,0.0
2016-12-19 00:00:00+00:00,0.9289956997920447
2016-12-20 00:00:00+00:00,0.9291876439291082
2016-12-21 00:00:00+00:00,0.929567804432491
2016-12-22 00:00:00+00:00,0.9308665105419366
2016-12-23 00:00:00+00:00,0.9314681981542977
2016-12-26 00:00:00+00:00,0.931168669232862
2016-12-27 00:00:00+00:00,0.9318834217739891
2016-12-28 00:00:00+00:00,0.9348703792161976
2016-12-29 00:00:00+00:00,0.9343266368215638
2016-12-30 00:00:00+00:00,0.9343814740665581
2017-01-03 00:00:00+00:00,0.9344362198097794
2017-01-04 00:00:00+00:00,0.9333818726381029
2017-01-05 00:00:00+00:00,0.0
2017-01-06 00:00:00+00:00,0.0
2017-01-09 00:00:00+00:00,0.0
2017-01-10 00:00:00+00:00,0.0
2017-01-11 00:00:00+00:00,0.0
2017-01-12 00:00:00+00:00,0.0
2017-01-13 00:00:00+00:00,0.9650284541484256
2017-01-16 00:00:00+00:00,0.9632521823117358
2017-01-17 00:00:00+00:00,0.9629552307840423
2017-01-18 00:00:00+00:00,0.9628884399478203
2017-01-19 00:00:00+00:00,0.0
2017-01-20 00:00:00+00:00,0.0
2017-01-23 00:00:00+00:00,0.0
2017-01-24 00:00:00+00:00,0.0
2017-01-25 00:00:00+00:00,0.9983019748691399
2017-01-26 00:00:00+00:00,0.9983201068383083
2017-02-03 00:00:00+00:00,0.9983230962255607
2017-02-06 00:00:00+00:00,0.9983080571305498
2017-02-07 00:00:00+00:00,0.9983290283805559
2017-02-08 00:00:00+00:00,0.9983230962255607
2017-02-09 00:00:00+00:00,0.0
2017-02-10 00:00:00+00:00,0.997889213300253
2017-02-13 00:00:00+00:00,0.9978836213016449
2017-02-14 00:00:00+00:00,0.9978609920249465
2017-02-15 00:00:00+00:00,0.9978571861194481
2017-02-16 00:00:00+00:00,0.0
2017-02-17 00:00:00+00:00,0.0
2017-02-20 00:00:00+00:00,0.0
2017-02-21 00:00:00+00:00,0.0
2017-02-22 00:00:00+00:00,0.0
2017-02-23 00:00:00+00:00,0.0
2017-02-24 00:00:00+00:00,0.0
2017-02-27 00:00:00+00:00,0.0
2017-02-28 00:00:00+00:00,0.0
2017-03-01 00:00:00+00:00,0.0
2017-03-02 00:00:00+00:00,0.0
2017-03-03 00:00:00+00:00,0.0
2017-03-06 00:00:00+00:00,0.0
2017-03-07 00:00:00+00:00,0.0
2017-03-08 00:00:00+00:00,0.0
2017-03-09 00:00:00+00:00,0.0
2017-03-10 00:00:00+00:00,0.0
2017-03-13 00:00:00+00:00,0.0
2017-03-14 00:00:00+00:00,0.0
2017-03-15 00:00:00+00:00,0.0
2017-03-16 00:00:00+00:00,0.0
2017-03-17 00:00:00+00:00,0.0
2017-03-20 00:00:00+00:00,0.0
2017-03-21 00:00:00+00:00,0.0
2017-03-22 00:00:00+00:00,0.0
2017-03-23 00:00:00+00:00,0.0
2017-03-24 00:00:00+00:00,0.0
2017-03-27 00:00:00+00:00,0.0
2017-03-28 00:00:00+00:00,0.0
2017-03-29 00:00:00+00:00,0.0
2017-03-30 00:00:00+00:00,0.0
2017-03-31 00:00:00+00:00,0.0
2017-04-05 00:00:00+00:00,0.0
2017-04-06 00:00:00+00:00,0.0
2017-04-07 00:00:00+00:00,0.0
2017-04-10 00:00:00+00:00,0.0
2017-04-11 00:00:00+00:00,0.0
2017-04-12 00:00:00+00:00,0.0
2017-04-13 00:00:00+00:00,0.0
2017-04-17 00:00:00+00:00,0.0
2017-04-18 00:00:00+00:00,0.0
2017-04-19 00:00:00+00:00,0.0
2017-04-20 00:00:00+00:00,0.0
2017-04-21 00:00:00+00:00,0.0
2017-04-24 00:00:00+00:00,0.0
2017-04-25 00:00:00+00:00,0.0
2017-04-26 00:00:00+00:00,0.0
2017-04-27 00:00:00+00:00,0.0
2017-04-28 00:00:00+00:00,0.0
2017-05-02 00:00:00+00:00,0.0
2017-05-03 00:00:00+00:00,0.9108620577370202
2017-05-04 00:00:00+00:00,0.9103784978166095
2017-05-05 00:00:00+00:00,0.908050997739232
2017-05-08 00:00:00+00:00,0.0
2017-05-09 00:00:00+00:00,0.0
2017-05-10 00:00:00+00:00,0.0
2017-05-11 00:00:00+00:00,0.0
2017-05-12 00:00:00+00:00,0.0
2017-05-15 00:00:00+00:00,0.0
2017-05-16 00:00:00+00:00,0.0
2017-05-17 00:00:00+00:00,0.8721029933494139
2017-05-18 00:00:00+00:00,0.8763340676084814
2017-05-19 00:00:00+00:00,0.8769940976958899
2017-05-22 00:00:00+00:00,0.8737371484104508
2017-05-23 00:00:00+00:00,0.8721029933494139
2017-05-24 00:00:00+00:00,0.8711491980695238
2017-05-25 00:00:00+00:00,0.0
2017-05-26 00:00:00+00:00,0.0
2017-05-31 00:00:00+00:00,0.0
2017-06-01 00:00:00+00:00,0.8930978594604655
2017-06-02 00:00:00+00:00,0.8941037482041211
2017-06-05 00:00:00+00:00,0.0
2017-06-06 00:00:00+00:00,0.0
2017-06-07 00:00:00+00:00,0.9217469239924048
2017-06-08 00:00:00+00:00,0.9236525478972551
2017-06-09 00:00:00+00:00,0.9237214732981474
2017-06-12 00:00:00+00:00,0.9230980276933579
2017-06-13 00:00:00+00:00,0.9235150151031171
2017-06-14 00:00:00+00:00,0.9223217416929477
2017-06-15 00:00:00+00:00,0.0
2017-06-16 00:00:00+00:00,0.0
2017-06-19 00:00:00+00:00,0.0
2017-06-20 00:00:00+00:00,0.0
2017-06-21 00:00:00+00:00,0.9214471689893436
2017-06-22 00:00:00+00:00,0.9203509292145468
2017-06-23 00:00:00+00:00,0.0
2017-06-26 00:00:00+00:00,0.0
2017-06-27 00:00:00+00:00,0.0
2017-06-28 00:00:00+00:00,0.0
2017-06-29 00:00:00+00:00,0.9985095738659427
2017-06-30 00:00:00+00:00,0.9985110087386276
2017-07-03 00:00:00+00:00,0.0
2017-07-04 00:00:00+00:00,0.0
2017-07-05 00:00:00+00:00,0.0
2017-07-06 00:00:00+00:00,0.0
2017-07-07 00:00:00+00:00,0.0
2017-07-10 00:00:00+00:00,0.0
2017-07-11 00:00:00+00:00,0.0
2017-07-12 00:00:00+00:00,0.0
2017-07-13 00:00:00+00:00,0.0
2017-07-14 00:00:00+00:00,0.0
2017-07-17 00:00:00+00:00,0.0
2017-07-18 00:00:00+00:00,0.9598498282108691
2017-07-19 00:00:00+00:00,0.9598498282108691
2017-07-20 00:00:00+00:00,0.0
2017-07-21 00:00:00+00:00,0.0
2017-07-24 00:00:00+00:00,0.9653250916998195
2017-07-25 00:00:00+00:00,0.9650520616845703
2017-07-26 00:00:00+00:00,0.0
2017-07-27 00:00:00+00:00,0.0
2017-07-28 00:00:00+00:00,0.0
2017-07-31 00:00:00+00:00,0.0
2017-08-01 00:00:00+00:00,0.0
2017-08-02 00:00:00+00:00,0.960481938323489
2017-08-03 00:00:00+00:00,0.9601643201198216
2017-08-04 00:00:00+00:00,0.9612170252659434
2017-08-07 00:00:00+00:00,0.0
2017-08-08 00:00:00+00:00,0.9486986672854062
2017-08-09 00:00:00+00:00,0.9481947083431607
2017-08-10 00:00:00+00:00,0.9479389975620507
2017-08-11 00:00:00+00:00,0.0
2017-08-14 00:00:00+00:00,0.0
2017-08-15 00:00:00+00:00,0.0
2017-08-16 00:00:00+00:00,0.0
2017-08-17 00:00:00+00:00,0.0
2017-08-18 00:00:00+00:00,0.0
2017-08-21 00:00:00+00:00,0.0
2017-08-22 00:00:00+00:00,0.0
2017-08-23 00:00:00+00:00,0.9289221750214398
2017-08-24 00:00:00+00:00,0.9287081919458989
2017-08-25 00:00:00+00:00,0.0
2017-08-28 00:00:00+00:00,0.0
2017-08-29 00:00:00+00:00,0.0
2017-08-30 00:00:00+00:00,0.9435732269598984
2017-08-31 00:00:00+00:00,0.9432312858957225
2017-09-01 00:00:00+00:00,0.9429432498772545
2017-09-04 00:00:00+00:00,0.0
2017-09-05 00:00:00+00:00,0.0
2017-09-06 00:00:00+00:00,0.0
2017-09-07 00:00:00+00:00,0.0
2017-09-08 00:00:00+00:00,0.0
2017-09-11 00:00:00+00:00,0.0
2017-09-12 00:00:00+00:00,0.0
2017-09-13 00:00:00+00:00,0.0
2017-09-14 00:00:00+00:00,0.9101196438418545
2017-09-15 00:00:00+00:00,0.0
2017-09-18 00:00:00+00:00,0.0
2017-09-19 00:00:00+00:00,0.9010455601413361
2017-09-20 00:00:00+00:00,0.0
2017-09-21 00:00:00+00:00,0.0
2017-09-22 00:00:00+00:00,0.0
2017-09-25 00:00:00+00:00,0.0
2017-09-26 00:00:00+00:00,0.8984634235608449
2017-09-27 00:00:00+00:00,0.8986728380223501
2017-09-28 00:00:00+00:00,0.0
2017-09-29 00:00:00+00:00,0.0
2017-10-09 00:00:00+00:00,0.0
2017-10-10 00:00:00+00:00,0.9148750342744084
2017-10-11 00:00:00+00:00,0.914353771715951
2017-10-12 00:00:00+00:00,0.915047668446046
2017-10-13 00:00:00+00:00,0.915047668446046
2017-10-16 00:00:00+00:00,0.9132918574386204
2017-10-17 00:00:00+00:00,0.0
2017-10-18 00:00:00+00:00,0.0
2017-10-19 00:00:00+00:00,0.0
2017-10-20 00:00:00+00:00,0.0
2017-10-23 00:00:00+00:00,0.0
2017-10-24 00:00:00+00:00,0.0
2017-10-25 00:00:00+00:00,0.0
2017-10-26 00:00:00+00:00,0.0
2017-10-27 00:00:00+00:00,0.0
2017-10-30 00:00:00+00:00,0.0
2017-10-31 00:00:00+00:00,0.0
2017-11-01 00:00:00+00:00,0.0
2017-11-02 00:00:00+00:00,0.0
2017-11-03 00:00:00+00:00,0.861062146553969
2017-11-06 00:00:00+00:00,0.8679017125662623
2017-11-07 00:00:00+00:00,0.8669659590425676
2017-11-08 00:00:00+00:00,0.8694739311342023
2017-11-09 00:00:00+00:00,0.8701196375173286
2017-11-10 00:00:00+00:00,0.8697329825967645
2017-11-13 00:00:00+00:00,0.8668310036525184
2017-11-14 00:00:00+00:00,0.8680331809898068
2017-11-15 00:00:00+00:00,0.0
2017-11-16 00:00:00+00:00,0.0
2017-11-17 00:00:00+00:00,0.8625046588706021
2017-11-20 00:00:00+00:00,0.0
2017-11-21 00:00:00+00:00,0.0
2017-11-22 00:00:00+00:00,0.0
2017-11-23 00:00:00+00:00,0.9091827589073195
2017-11-24 00:00:00+00:00,0.9082876434597033
2017-11-27 00:00:00+00:00,0.0
2017-11-28 00:00:00+00:00,0.0
2017-11-29 00:00:00+00:00,0.0
2017-11-30 00:00:00+00:00,0.0
2017-12-01 00:00:00+00:00,0.0
2017-12-04 00:00:00+00:00,0.0
2017-12-05 00:00:00+00:00,0.0
2017-12-06 00:00:00+00:00,0.0
2017-12-07 00:00:00+00:00,0.0
2017-12-08 00:00:00+00:00,0.0
2017-12-11 00:00:00+00:00,0.0
2017-12-12 00:00:00+00:00,0.0
2017-12-13 00:00:00+00:00,0.0
2017-12-14 00:00:00+00:00,0.8489368702535494
2017-12-15 00:00:00+00:00,0.0
2017-12-18 00:00:00+00:00,0.0
2017-12-19 00:00:00+00:00,0.0
2017-12-20 00:00:00+00:00,0.0
2017-12-21 00:00:00+00:00,0.0
2017-12-22 00:00:00+00:00,0.0
2017-12-25 00:00:00+00:00,0.0
2017-12-26 00:00:00+00:00,0.0
2017-12-27 00:00:00+00:00,0.0
2017-12-28 00:00:00+00:00,0.0
2017-12-29 00:00:00+00:00,0.0
2018-01-02 00:00:00+00:00,0.7826062824900857
2018-01-03 00:00:00+00:00,0.7854683800018505
2018-01-04 00:00:00+00:00,0.7857038821767774
2018-01-05 00:00:00+00:00,0.7857038821767774
2018-01-08 00:00:00+00:00,0.782848106777027
2018-01-09 00:00:00+00:00,0.7813914849168366
2018-01-10 00:00:00+00:00,0.0
2018-01-11 00:00:00+00:00,0.0
2018-01-12 00:00:00+00:00,0.0
2018-01-15 00:00:00+00:00,0.0
2018-01-16 00:00:00+00:00,0.0
2018-01-17 00:00:00+00:00,0.0
2018-01-18 00:00:00+00:00,0.0
2018-01-19 00:00:00+00:00,0.0
2018-01-22 00:00:00+00:00,0.0
2018-01-23 00:00:00+00:00,0.7594632016121913
2018-01-24 00:00:00+00:00,0.758647102217101
2018-01-25 00:00:00+00:00,0.7605401006157056
2018-01-26 00:00:00+00:00,0.0
2018-01-29 00:00:00+00:00,0.0
2018-01-30 00:00:00+00:00,0.0
2018-01-31 00:00:00+00:00,0.0
2018-02-01 00:00:00+00:00,0.0
2018-02-02 00:00:00+00:00,0.0
2018-02-05 00:00:00+00:00,0.0
2018-02-06 00:00:00+00:00,0.0
2018-02-07 00:00:00+00:00,0.0
2018-02-08 00:00:00+00:00,0.6500111662079142
2018-02-09 00:00:00+00:00,0.6327218753742062
2018-02-12 00:00:00+00:00,0.0
2018-02-13 00:00:00+00:00,0.0
2018-02-14 00:00:00+00:00,0.0
2018-02-22 00:00:00+00:00,0.0
2018-02-23 00:00:00+00:00,0.6623128451340303
2018-02-26 00:00:00+00:00,0.666981289627328
2018-02-27 00:00:00+00:00,0.6646633147218137
2018-02-28 00:00:00+00:00,0.6665965464434472
2018-03-01 00:00:00+00:00,0.6688879632339129
2018-03-02 00:00:00+00:00,0.6777470884111026
2018-03-05 00:00:00+00:00,0.6759413567589582
2018-03-06 00:00:00+00:00,0.6840864480339937
2018-03-07 00:00:00+00:00,0.7044320408360399
2018-03-08 00:00:00+00:00,0.723909577832878
2018-03-09 00:00:00+00:00,0.7262639506421651
2018-03-12 00:00:00+00:00,0.7288310032942323
2018-03-13 00:00:00+00:00,0.7188089531499076
2018-03-14 00:00:00+00:00,0.716044884150507
2018-03-15 00:00:00+00:00,0.0
2018-03-16 00:00:00+00:00,0.0
2018-03-19 00:00:00+00:00,0.0
2018-03-20 00:00:00+00:00,0.0
2018-03-21 00:00:00+00:00,0.0
2018-03-22 00:00:00+00:00,0.0
2018-03-23 00:00:00+00:00,0.0
2018-03-26 00:00:00+00:00,0.0
2018-03-27 00:00:00+00:00,0.0
2018-03-28 00:00:00+00:00,0.0
2018-03-29 00:00:00+00:00,0.6987572197439598
2018-03-30 00:00:00+00:00,0.6987572197439598
2018-04-02 00:00:00+00:00,0.0
2018-04-03 00:00:00+00:00,0.0
2018-04-04 00:00:00+00:00,0.0
2018-04-09 00:00:00+00:00,0.0
2018-04-10 00:00:00+00:00,0.0
2018-04-11 00:00:00+00:00,0.0
2018-04-12 00:00:00+00:00,0.7228657337344523
2018-04-13 00:00:00+00:00,0.7253259953317344
2018-04-16 00:00:00+00:00,0.7217583902247263
2018-04-17 00:00:00+00:00,0.7197969763887939
2018-04-18 00:00:00+00:00,0.0
2018-04-19 00:00:00+00:00,0.0
2018-04-20 00:00:00+00:00,0.0
2018-04-23 00:00:00+00:00,0.0
2018-04-24 00:00:00+00:00,0.0
2018-04-25 00:00:00+00:00,0.0
2018-04-26 00:00:00+00:00,0.7173682402577728
2018-04-27 00:00:00+00:00,0.7176464664214384
2018-05-02 00:00:00+00:00,0.7145296940099004
2018-05-03 00:00:00+00:00,0.7142452884264855
2018-05-04 00:00:00+00:00,0.0
2018-05-07 00:00:00+00:00,0.0
2018-05-08 00:00:00+00:00,0.7397705805440742
2018-05-09 00:00:00+00:00,0.7453852258057602
2018-05-10 00:00:00+00:00,0.7468749147782153
2018-05-11 00:00:00+00:00,0.7357963132457347
2018-05-14 00:00:00+00:00,0.734175679929518
2018-05-15 00:00:00+00:00,0.0
2018-05-16 00:00:00+00:00,0.0
2018-05-17 00:00:00+00:00,0.0
2018-05-18 00:00:00+00:00,0.7335846051406358
2018-05-21 00:00:00+00:00,0.0
2018-05-22 00:00:00+00:00,0.0
2018-05-23 00:00:00+00:00,0.0
2018-05-24 00:00:00+00:00,0.7397084287436156
2018-05-25 00:00:00+00:00,0.7362357731956837
2018-05-28 00:00:00+00:00,0.7334971710861478
2018-05-29 00:00:00+00:00,0.0
2018-05-30 00:00:00+00:00,0.0
2018-05-31 00:00:00+00:00,0.0
2018-06-01 00:00:00+00:00,0.0
2018-06-04 00:00:00+00:00,0.0
2018-06-05 00:00:00+00:00,0.0
2018-06-06 00:00:00+00:00,0.72068822578542
2018-06-07 00:00:00+00:00,0.7139333520780321
2018-06-08 00:00:00+00:00,0.7121170045730613
2018-06-11 00:00:00+00:00,0.7102774442992458
2018-06-12 00:00:00+00:00,0.0
2018-06-13 00:00:00+00:00,0.0
2018-06-14 00:00:00+00:00,0.0
2018-06-15 00:00:00+00:00,0.0
2018-06-19 00:00:00+00:00,0.0
2018-06-20 00:00:00+00:00,0.0
2018-06-21 00:00:00+00:00,0.0
2018-06-22 00:00:00+00:00,0.0
2018-06-25 00:00:00+00:00,0.0
2018-06-26 00:00:00+00:00,0.0
2018-06-27 00:00:00+00:00,0.6317541310920657
2018-06-28 00:00:00+00:00,0.6290097157030882
2018-06-29 00:00:00+00:00,0.6344544006266936
2018-07-02 00:00:00+00:00,0.6274207539726622
2018-07-03 00:00:00+00:00,0.632915705742998
2018-07-04 00:00:00+00:00,0.6313640024140454
2018-07-05 00:00:00+00:00,0.0
2018-07-06 00:00:00+00:00,0.0
2018-07-09 00:00:00+00:00,0.0
2018-07-10 00:00:00+00:00,0.0
2018-07-11 00:00:00+00:00,0.6232312488395285
2018-07-12 00:00:00+00:00,0.6264662401677066
2018-07-13 00:00:00+00:00,0.0
2018-07-16 00:00:00+00:00,0.0
2018-07-17 00:00:00+00:00,0.0
2018-07-18 00:00:00+00:00,0.6257480698859328
2018-07-19 00:00:00+00:00,0.0
2018-07-20 00:00:00+00:00,0.0
2018-07-23 00:00:00+00:00,0.6262319303455023
2018-07-24 00:00:00+00:00,0.0
2018-07-25 00:00:00+00:00,0.6392192426109663
2018-07-26 00:00:00+00:00,0.6471003017557193
2018-07-27 00:00:00+00:00,0.649652568467527
2018-07-30 00:00:00+00:00,0.648200236045039
2018-07-31 00:00:00+00:00,0.6445143078879854
2018-08-01 00:00:00+00:00,0.6392192426109663
2018-08-02 00:00:00+00:00,0.0
2018-08-03 00:00:00+00:00,0.0
2018-08-06 00:00:00+00:00,0.0
2018-08-07 00:00:00+00:00,0.0
2018-08-08 00:00:00+00:00,0.0
2018-08-09 00:00:00+00:00,0.6272026289151604
2018-08-10 00:00:00+00:00,0.6299212433894977
2018-08-13 00:00:00+00:00,0.6264162787445376
2018-08-14 00:00:00+00:00,0.6248375576981272
2018-08-15 00:00:00+00:00,0.6220394254578078
2018-08-16 00:00:00+00:00,0.0
2018-08-17 00:00:00+00:00,0.0
2018-08-20 00:00:00+00:00,0.0
2018-08-21 00:00:00+00:00,0.0
2018-08-22 00:00:00+00:00,0.0
2018-08-23 00:00:00+00:00,0.0
2018-08-24 00:00:00+00:00,0.0
2018-08-27 00:00:00+00:00,0.0
2018-08-28 00:00:00+00:00,0.6252007727966111
2018-08-29 00:00:00+00:00,0.6223403083328861
2018-08-30 00:00:00+00:00,0.6211033569223333
2018-08-31 00:00:00+00:00,0.0
2018-09-03 00:00:00+00:00,0.0
2018-09-04 00:00:00+00:00,0.0
2018-09-05 00:00:00+00:00,0.6218196812290363
2018-09-06 00:00:00+00:00,0.6171937693663997
2018-09-07 00:00:00+00:00,0.0
2018-09-10 00:00:00+00:00,0.0
2018-09-11 00:00:00+00:00,0.0
2018-09-12 00:00:00+00:00,0.0
2018-09-13 00:00:00+00:00,0.0
2018-09-14 00:00:00+00:00,0.0
2018-09-17 00:00:00+00:00,0.0
2018-09-18 00:00:00+00:00,0.0
2018-09-19 00:00:00+00:00,0.0
2018-09-20 00:00:00+00:00,0.0
2018-09-21 00:00:00+00:00,0.6261030396938646
2018-09-25 00:00:00+00:00,0.6193058219664905
2018-09-26 00:00:00+00:00,0.6180012816924393
2018-09-27 00:00:00+00:00,0.0
2018-09-28 00:00:00+00:00,0.0
2018-10-08 00:00:00+00:00,0.0
2018-10-09 00:00:00+00:00,0.0
2018-10-10 00:00:00+00:00,0.0
2018-10-11 00:00:00+00:00,0.0
2018-10-12 00:00:00+00:00,0.0
2018-10-15 00:00:00+00:00,0.0
2018-10-16 00:00:00+00:00,0.0
2018-10-17 00:00:00+00:00,0.0
2018-10-18 00:00:00+00:00,0.0
2018-10-19 00:00:00+00:00,0.0
2018-10-22 00:00:00+00:00,0.0
2018-10-23 00:00:00+00:00,0.0
2018-10-24 00:00:00+00:00,0.5387233430808659
2018-10-25 00:00:00+00:00,0.5339429214348362
2018-10-26 00:00:00+00:00,0.5334050418305966
2018-10-29 00:00:00+00:00,0.0
2018-10-30 00:00:00+00:00,0.0
2018-10-31 00:00:00+00:00,0.0
2018-11-01 00:00:00+00:00,0.0
2018-11-02 00:00:00+00:00,0.5426602866433126
2018-11-05 00:00:00+00:00,0.543702523025372
2018-11-06 00:00:00+00:00,0.5467957947504556
2018-11-07 00:00:00+00:00,0.5442218618711271
2018-11-08 00:00:00+00:00,0.5483242093721851
2018-11-09 00:00:00+00:00,0.543702523025372
2018-11-12 00:00:00+00:00,0.5533519406455858
2018-11-13 00:00:00+00:00,0.5587557018479561
2018-11-14 00:00:00+00:00,0.5616488940533509
2018-11-15 00:00:00+00:00,0.5621282060820226
2018-11-16 00:00:00+00:00,0.5645043927006962
2018-11-19 00:00:00+00:00,0.5723958423762893
2018-11-20 00:00:00+00:00,0.5654495481254218
2018-11-21 00:00:00+00:00,0.563559873525606
2018-11-22 00:00:00+00:00,0.5645043927006962
2018-11-23 00:00:00+00:00,0.0
2018-11-26 00:00:00+00:00,0.0
2018-11-27 00:00:00+00:00,0.0
2018-11-28 00:00:00+00:00,0.0
2018-11-29 00:00:00+00:00,0.0
2018-11-30 00:00:00+00:00,0.5352776680016352
2018-12-03 00:00:00+00:00,0.0
2018-12-04 00:00:00+00:00,0.0
2018-12-05 00:00:00+00:00,0.5427410478665183
2018-12-06 00:00:00+00:00,0.5407711809961807
2018-12-07 00:00:00+00:00,0.5466208731022539
2018-12-10 00:00:00+00:00,0.5412652371581096
2018-12-11 00:00:00+00:00,0.0
2018-12-12 00:00:00+00:00,0.5582212987714619
2018-12-13 00:00:00+00:00,0.5558470012307912
2018-12-14 00:00:00+00:00,0.5460839991928704
2018-12-17 00:00:00+00:00,0.545588826242106
2018-12-18 00:00:00+00:00,0.0
2018-12-19 00:00:00+00:00,0.0
2018-12-20 00:00:00+00:00,0.0
2018-12-21 00:00:00+00:00,0.0
2018-12-24 00:00:00+00:00,0.0
2018-12-25 00:00:00+00:00,0.0
2018-12-26 00:00:00+00:00,0.0
2018-12-27 00:00:00+00:00,0.0
2018-12-28 00:00:00+00:00,0.0
2019-01-02 00:00:00+00:00,0.5251271865162226
2019-01-03 00:00:00+00:00,0.0
2019-01-04 00:00:00+00:00,0.0
2019-01-07 00:00:00+00:00,0.5332635741708585
2019-01-08 00:00:00+00:00,0.5570294113403116
2019-01-09 00:00:00+00:00,0.5523786387615377
2019-01-10 00:00:00+00:00,0.545216442376884
2019-01-11 00:00:00+00:00,0.54618655236873
2019-01-14 00:00:00+00:00,0.5427778374882457
2019-01-15 00:00:00+00:00,0.0
2019-01-16 00:00:00+00:00,0.0
2019-01-17 00:00:00+00:00,0.0
2019-01-18 00:00:00+00:00,0.5507421231140266
2019-01-21 00:00:00+00:00,0.5487907063500616
2019-01-22 00:00:00+00:00,0.0
2019-01-23 00:00:00+00:00,0.0
2019-01-24 00:00:00+00:00,0.0
2019-01-25 00:00:00+00:00,0.5636958261540168
2019-01-28 00:00:00+00:00,0.5574212466186428
2019-01-29 00:00:00+00:00,0.5554560401815763
2019-01-30 00:00:00+00:00,0.0
2019-01-31 00:00:00+00:00,0.0
2019-02-01 00:00:00+00:00,0.0
2019-02-11 00:00:00+00:00,0.0
2019-02-12 00:00:00+00:00,0.5764004288468921
2019-02-13 00:00:00+00:00,0.5778068727453614
2019-02-14 00:00:00+00:00,0.5810479334068774
2019-02-15 00:00:00+00:00,0.5815029491478365
2019-02-21 00:00:00+00:00,0.6044619467475821
2019-02-22 00:00:00+00:00,0.6268630583917637
2019-02-25 00:00:00+00:00,0.6425679857242497
2019-02-26 00:00:00+00:00,0.6560766040275521
2019-02-27 00:00:00+00:00,0.677281146671775
2019-02-28 00:00:00+00:00,0.6977017856598037
2019-03-01 00:00:00+00:00,0.6998401532137137
2019-03-04 00:00:00+00:00,0.7194513381006492
2019-03-05 00:00:00+00:00,0.7266756921066316
2019-03-06 00:00:00+00:00,0.7221041075612755
2019-03-07 00:00:00+00:00,0.7204771330980482
2019-03-08 00:00:00+00:00,0.7040251009698759
2019-03-11 00:00:00+00:00,0.0
2019-03-12 00:00:00+00:00,0.0
2019-03-13 00:00:00+00:00,0.0
2019-03-14 00:00:00+00:00,0.805860815119761
2019-03-15 00:00:00+00:00,0.8090227121261018
2019-03-18 00:00:00+00:00,0.8094653904957468
2019-03-19 00:00:00+00:00,0.8171089757835216
2019-03-20 00:00:00+00:00,0.8183230079041662
2019-03-21 00:00:00+00:00,0.832077638661431
2019-03-22 00:00:00+00:00,0.8449762856875261
2019-03-25 00:00:00+00:00,0.857038767375596
2019-03-26 00:00:00+00:00,0.8435981308910775
2019-03-27 00:00:00+00:00,0.8490633846303793
2019-03-28 00:00:00+00:00,0.8497994738716137
2019-03-29 00:00:00+00:00,0.0
2019-04-01 00:00:00+00:00,0.0
2019-04-02 00:00:00+00:00,0.8995192403522007
2019-04-03 00:00:00+00:00,0.8982379001017126
2019-04-04 00:00:00+00:00,0.896092294605202
2019-04-08 00:00:00+00:00,0.8944564034124443
2019-04-09 00:00:00+00:00,0.0
2019-04-10 00:00:00+00:00,0.0
2019-04-11 00:00:00+00:00,0.0
2019-04-12 00:00:00+00:00,0.0
2019-04-15 00:00:00+00:00,0.0
2019-04-16 00:00:00+00:00,0.0
2019-04-17 00:00:00+00:00,0.0
2019-04-18 00:00:00+00:00,0.0
2019-04-19 00:00:00+00:00,0.0
2019-04-22 00:00:00+00:00,0.0
2019-04-23 00:00:00+00:00,0.0
2019-04-24 00:00:00+00:00,0.0
2019-04-25 00:00:00+00:00,0.0
2019-04-26 00:00:00+00:00,0.0
2019-04-29 00:00:00+00:00,0.0
2019-04-30 00:00:00+00:00,0.0
2019-05-06 00:00:00+00:00,0.0
2019-05-07 00:00:00+00:00,0.0
2019-05-08 00:00:00+00:00,0.0
2019-05-09 00:00:00+00:00,0.0
2019-05-10 00:00:00+00:00,0.0
2019-05-13 00:00:00+00:00,0.6330881590975059
2019-05-14 00:00:00+00:00,0.0
2019-05-15 00:00:00+00:00,0.643524172651342
2019-05-16 00:00:00+00:00,0.6403797840245435
2019-05-17 00:00:00+00:00,0.6291592377946359
2019-05-20 00:00:00+00:00,0.0
2019-05-21 00:00:00+00:00,0.0
2019-05-22 00:00:00+00:00,0.0
2019-05-23 00:00:00+00:00,0.0
2019-05-24 00:00:00+00:00,0.0
2019-05-27 00:00:00+00:00,0.0
2019-05-28 00:00:00+00:00,0.0
2019-05-29 00:00:00+00:00,0.6456722986828713
2019-05-30 00:00:00+00:00,0.6424283015163531
2019-05-31 00:00:00+00:00,0.647273464210967
2019-06-03 00:00:00+00:00,0.0
2019-06-04 00:00:00+00:00,0.0
2019-06-05 00:00:00+00:00,0.0
2019-06-06 00:00:00+00:00,0.0
2019-06-10 00:00:00+00:00,0.0
2019-06-11 00:00:00+00:00,0.6805921875634952
2019-06-12 00:00:00+00:00,0.7009450563355808
2019-06-13 00:00:00+00:00,0.7057228762265888
2019-06-14 00:00:00+00:00,0.7116907019833102
2019-06-17 00:00:00+00:00,0.7116907019833102
2019-06-18 00:00:00+00:00,0.7103487426486026
2019-06-19 00:00:00+00:00,0.7280808140189352
2019-06-20 00:00:00+00:00,0.7301465621836272
2019-06-21 00:00:00+00:00,0.7310220977187207
2019-06-24 00:00:00+00:00,0.7235470352168932
2019-06-25 00:00:00+00:00,0.7258334234266763
2019-06-26 00:00:00+00:00,0.0
2019-06-27 00:00:00+00:00,0.0
2019-06-28 00:00:00+00:00,0.0
2019-07-01 00:00:00+00:00,0.7345090758396755
2019-07-02 00:00:00+00:00,0.0
2019-07-03 00:00:00+00:00,0.0
2019-07-04 00:00:00+00:00,0.0
2019-07-05 00:00:00+00:00,0.0
2019-07-08 00:00:00+00:00,0.0
2019-07-09 00:00:00+00:00,0.0
2019-07-10 00:00:00+00:00,0.0
2019-07-11 00:00:00+00:00,0.0
2019-07-12 00:00:00+00:00,0.0
2019-07-15 00:00:00+00:00,0.0
2019-07-16 00:00:00+00:00,0.6714174235353357
2019-07-17 00:00:00+00:00,0.6732242668586403
2019-07-18 00:00:00+00:00,0.6664368775259868
2019-07-19 00:00:00+00:00,0.0
2019-07-22 00:00:00+00:00,0.6890879832132866
2019-07-23 00:00:00+00:00,0.0
2019-07-24 00:00:00+00:00,0.6944163390865934
2019-07-25 00:00:00+00:00,0.0
2019-07-26 00:00:00+00:00,0.0
2019-07-29 00:00:00+00:00,0.756266945559913
2019-07-30 00:00:00+00:00,0.7597574121204389
2019-07-31 00:00:00+00:00,0.7592059481401697
2019-08-01 00:00:00+00:00,0.7597574121204389
2019-08-02 00:00:00+00:00,0.7589285714285705
2019-08-05 00:00:00+00:00,0.7528181590547229
2019-08-06 00:00:00+00:00,0.0
2019-08-07 00:00:00+00:00,0.0
2019-08-08 00:00:00+00:00,0.0
2019-08-09 00:00:00+00:00,0.0
2019-08-12 00:00:00+00:00,0.0
2019-08-13 00:00:00+00:00,0.7612278549333287
2019-08-14 00:00:00+00:00,0.7616646916087693
2019-08-15 00:00:00+00:00,0.7641140266910674
2019-08-16 00:00:00+00:00,0.0
2019-08-19 00:00:00+00:00,0.0
2019-08-20 00:00:00+00:00,0.8107884120463873
2019-08-21 00:00:00+00:00,0.809131379109369
2019-08-22 00:00:00+00:00,0.8117232657123178
2019-08-23 00:00:00+00:00,0.8173600633430493
2019-08-26 00:00:00+00:00,0.8132224276397904
2019-08-27 00:00:00+00:00,0.816370904476069
2019-08-28 00:00:00+00:00,0.8189866256143443
2019-08-29 00:00:00+00:00,0.8291270033845256
2019-08-30 00:00:00+00:00,0.818663203041028
2019-09-02 00:00:00+00:00,0.8206890772958665
2019-09-03 00:00:00+00:00,0.8263049718659017
2019-09-04 00:00:00+00:00,0.0
2019-09-05 00:00:00+00:00,0.8377519251520894
2019-09-06 00:00:00+00:00,0.8377519251520894
2019-09-09 00:00:00+00:00,0.8377519251520894
2019-09-10 00:00:00+00:00,0.8357102576801362
2019-09-11 00:00:00+00:00,0.8321584293740083
2019-09-12 00:00:00+00:00,0.0
2019-09-16 00:00:00+00:00,0.0
2019-09-17 00:00:00+00:00,0.0
2019-09-18 00:00:00+00:00,0.0
2019-09-19 00:00:00+00:00,0.0
2019-09-20 00:00:00+00:00,0.0
2019-09-23 00:00:00+00:00,0.8309224645849447
2019-09-24 00:00:00+00:00,0.8300254609753944
2019-09-25 00:00:00+00:00,0.8290184635809404
2019-09-26 00:00:00+00:00,0.8253969624174521
2019-09-27 00:00:00+00:00,0.0
2019-09-30 00:00:00+00:00,0.0
2019-10-08 00:00:00+00:00,0.0
2019-10-09 00:00:00+00:00,0.0
2019-10-10 00:00:00+00:00,0.0
2019-10-11 00:00:00+00:00,0.0
2019-10-14 00:00:00+00:00,0.879041972641528
2019-10-15 00:00:00+00:00,0.8776759223528453
2019-10-16 00:00:00+00:00,0.8757272885186393
2019-10-17 00:00:00+00:00,0.0
2019-10-18 00:00:00+00:00,0.0
2019-10-21 00:00:00+00:00,0.0
2019-10-22 00:00:00+00:00,0.0
2019-10-23 00:00:00+00:00,0.0
2019-10-24 00:00:00+00:00,0.0
2019-10-25 00:00:00+00:00,0.8681241394187006
2019-10-28 00:00:00+00:00,0.0
2019-10-29 00:00:00+00:00,0.8898019416790095
2019-10-30 00:00:00+00:00,0.888244932041816
2019-10-31 00:00:00+00:00,0.0
2019-11-01 00:00:00+00:00,0.0
2019-11-04 00:00:00+00:00,0.0
2019-11-05 00:00:00+00:00,0.0
2019-11-06 00:00:00+00:00,0.8961643322574785
2019-11-07 00:00:00+00:00,0.894981824481691
2019-11-08 00:00:00+00:00,0.8939160951956399
2019-11-11 00:00:00+00:00,0.0
2019-11-12 00:00:00+00:00,0.0
2019-11-13 00:00:00+00:00,0.0
2019-11-14 00:00:00+00:00,0.0
2019-11-15 00:00:00+00:00,0.0
2019-11-18 00:00:00+00:00,0.0
2019-11-19 00:00:00+00:00,0.0
2019-11-20 00:00:00+00:00,0.0
2019-11-21 00:00:00+00:00,0.0
2019-11-22 00:00:00+00:00,0.8402197583945776
2019-11-25 00:00:00+00:00,0.0
2019-11-26 00:00:00+00:00,0.0
2019-11-27 00:00:00+00:00,0.0
2019-11-28 00:00:00+00:00,0.0
2019-11-29 00:00:00+00:00,0.0
2019-12-02 00:00:00+00:00,0.0
2019-12-03 00:00:00+00:00,0.0
2019-12-04 00:00:00+00:00,0.0
2019-12-05 00:00:00+00:00,0.8143240325210945
2019-12-06 00:00:00+00:00,0.8283162909548434
2019-12-09 00:00:00+00:00,0.8278769155766039
2019-12-10 00:00:00+00:00,0.8279872457709226
2019-12-11 00:00:00+00:00,0.8272130632816277
2019-12-12 00:00:00+00:00,0.8271017373988021
2019-12-13 00:00:00+00:00,0.0
2019-12-16 00:00:00+00:00,0.0
2019-12-17 00:00:00+00:00,0.0
2019-12-18 00:00:00+00:00,0.0
2019-12-19 00:00:00+00:00,0.8453427797115824
2019-12-20 00:00:00+00:00,0.8473932884943522
2019-12-23 00:00:00+00:00,0.8412799576461313
2019-12-24 00:00:00+00:00,0.8400190496978457
2019-12-25 00:00:00+00:00,0.0
2019-12-26 00:00:00+00:00,0.0
2019-12-27 00:00:00+00:00,0.0
2019-12-30 00:00:00+00:00,0.0
2019-12-31 00:00:00+00:00,0.0
2020-01-02 00:00:00+00:00,0.8327627961538024
2020-01-03 00:00:00+00:00,0.0
2020-01-06 00:00:00+00:00,0.8245755259747488
2020-01-07 00:00:00+00:00,0.8241083499983445
2020-01-08 00:00:00+00:00,0.0
2020-01-09 00:00:00+00:00,0.0
2020-01-10 00:00:00+00:00,0.0
2020-01-13 00:00:00+00:00,0.0
2020-01-14 00:00:00+00:00,0.0
2020-01-15 00:00:00+00:00,0.8033324925152647
2020-01-16 00:00:00+00:00,0.7999730744008277
2020-01-17 00:00:00+00:00,0.0
2020-01-20 00:00:00+00:00,0.0
2020-01-21 00:00:00+00:00,0.0
2020-01-22 00:00:00+00:00,0.0
2020-01-23 00:00:00+00:00,0.801202888042771
2020-02-03 00:00:00+00:00,0.0
2020-02-04 00:00:00+00:00,0.0
2020-02-05 00:00:00+00:00,0.0
2020-02-06 00:00:00+00:00,0.0
2020-02-07 00:00:00+00:00,0.0
2020-02-10 00:00:00+00:00,0.805688188851221
2020-02-11 00:00:00+00:00,0.803591546972694
2020-02-12 00:00:00+00:00,0.0
2020-02-13 00:00:00+00:00,0.0
2020-02-14 00:00:00+00:00,0.0
2020-02-17 00:00:00+00:00,0.0
2020-02-18 00:00:00+00:00,0.852386159594446
2020-02-19 00:00:00+00:00,0.8515938597582526
2020-02-20 00:00:00+00:00,0.8555794476034503
2020-02-21 00:00:00+00:00,0.8535028179820426
2020-02-24 00:00:00+00:00,0.851252347245322
2020-02-25 00:00:00+00:00,0.8475024683775676
2020-02-26 00:00:00+00:00,0.0
2020-02-27 00:00:00+00:00,0.0
2020-02-28 00:00:00+00:00,0.0
2020-03-02 00:00:00+00:00,0.0
2020-03-03 00:00:00+00:00,0.0
2020-03-04 00:00:00+00:00,0.0
2020-03-05 00:00:00+00:00,0.9010657119801859
2020-03-06 00:00:00+00:00,0.9067079276218274
2020-03-09 00:00:00+00:00,0.9067079276218274
2020-03-10 00:00:00+00:00,0.9067079276218274
2020-03-11 00:00:00+00:00,0.9032871248744224
2020-03-12 00:00:00+00:00,0.9016682558730685
2020-03-13 00:00:00+00:00,0.0
2020-03-16 00:00:00+00:00,0.0
2020-03-17 00:00:00+00:00,0.0
2020-03-18 00:00:00+00:00,0.0
2020-03-19 00:00:00+00:00,0.0
2020-03-20 00:00:00+00:00,0.0
2020-03-23 00:00:00+00:00,0.9356072582387338
2020-03-24 00:00:00+00:00,0.9364089030838845
2020-03-25 00:00:00+00:00,0.0
2020-03-26 00:00:00+00:00,0.0
2020-03-27 00:00:00+00:00,0.0
2020-03-30 00:00:00+00:00,0.9691167608529032
2020-03-31 00:00:00+00:00,0.9688762123616207
2020-04-01 00:00:00+00:00,0.0
2020-04-02 00:00:00+00:00,0.0
2020-04-03 00:00:00+00:00,0.0
2020-04-07 00:00:00+00:00,0.0
2020-04-08 00:00:00+00:00,0.0
2020-04-09 00:00:00+00:00,0.0
2020-04-10 00:00:00+00:00,0.0
2020-04-13 00:00:00+00:00,0.0
2020-04-14 00:00:00+00:00,0.0
2020-04-15 00:00:00+00:00,0.0
2020-04-16 00:00:00+00:00,0.0
2020-04-17 00:00:00+00:00,0.0
2020-04-20 00:00:00+00:00,0.0
2020-04-21 00:00:00+00:00,0.0
2020-04-22 00:00:00+00:00,0.0
2020-04-23 00:00:00+00:00,0.0
2020-04-24 00:00:00+00:00,0.0
2020-04-27 00:00:00+00:00,0.0
2020-04-28 00:00:00+00:00,0.0
2020-04-29 00:00:00+00:00,0.0
2020-04-30 00:00:00+00:00,0.0
2020-05-06 00:00:00+00:00,0.0
2020-05-07 00:00:00+00:00,0.0
2020-05-08 00:00:00+00:00,0.0
2020-05-11 00:00:00+00:00,0.0
2020-05-12 00:00:00+00:00,0.0
2020-05-13 00:00:00+00:00,0.0
2020-05-14 00:00:00+00:00,0.0
2020-05-15 00:00:00+00:00,0.0
2020-05-18 00:00:00+00:00,0.0
2020-05-19 00:00:00+00:00,0.0
2020-05-20 00:00:00+00:00,0.0
2020-05-21 00:00:00+00:00,0.0
2020-05-22 00:00:00+00:00,0.0
2020-05-25 00:00:00+00:00,0.0
2020-05-26 00:00:00+00:00,0.0
2020-05-27 00:00:00+00:00,0.0
2020-05-28 00:00:00+00:00,0.0
2020-05-29 00:00:00+00:00,0.0
2020-06-01 00:00:00+00:00,0.0
2020-06-02 00:00:00+00:00,0.0
2020-06-03 00:00:00+00:00,0.0
2020-06-04 00:00:00+00:00,0.0
2020-06-05 00:00:00+00:00,0.0
2020-06-08 00:00:00+00:00,0.0
2020-06-09 00:00:00+00:00,0.0
2020-06-10 00:00:00+00:00,0.0
2020-06-11 00:00:00+00:00,0.0
2020-06-12 00:00:00+00:00,0.0
2020-06-15 00:00:00+00:00,0.0
2020-06-16 00:00:00+00:00,0.0
2020-06-17 00:00:00+00:00,0.0
2020-06-18 00:00:00+00:00,0.0
2020-06-19 00:00:00+00:00,0.0
2020-06-22 00:00:00+00:00,0.0
2020-06-23 00:00:00+00:00,0.0
2020-06-24 00:00:00+00:00,0.0
2020-06-29 00:00:00+00:00,0.0
2020-06-30 00:00:00+00:00,0.0
2020-07-01 00:00:00+00:00,0.0
2020-07-02 00:00:00+00:00,0.0
2020-07-03 00:00:00+00:00,0.0
2020-07-06 00:00:00+00:00,0.0
2020-07-07 00:00:00+00:00,0.0
2020-07-08 00:00:00+00:00,0.0
2020-07-09 00:00:00+00:00,0.0
2020-07-10 00:00:00+00:00,0.0
2020-07-13 00:00:00+00:00,0.0
2020-07-14 00:00:00+00:00,0.0
2020-07-15 00:00:00+00:00,0.0
2020-07-16 00:00:00+00:00,0.0
2020-07-17 00:00:00+00:00,0.0
2020-07-20 00:00:00+00:00,0.0
2020-07-21 00:00:00+00:00,0.0
2020-07-22 00:00:00+00:00,0.0
2020-07-23 00:00:00+00:00,0.0
2020-07-24 00:00:00+00:00,0.0
2020-07-27 00:00:00+00:00,0.0
2020-07-28 00:00:00+00:00,0.0
2020-07-29 00:00:00+00:00,0.0
2020-07-30 00:00:00+00:00,0.0
2020-07-31 00:00:00+00:00,0.0
2020-08-03 00:00:00+00:00,0.0
2020-08-04 00:00:00+00:00,0.0
2020-08-05 00:00:00+00:00,0.0
2020-08-06 00:00:00+00:00,0.0
2020-08-07 00:00:00+00:00,0.0
2020-08-10 00:00:00+00:00,0.0
2020-08-11 00:00:00+00:00,0.0
2020-08-12 00:00:00+00:00,0.0
2020-08-13 00:00:00+00:00,0.0
2020-08-14 00:00:00+00:00,0.0
2020-08-17 00:00:00+00:00,0.0
2020-08-18 00:00:00+00:00,0.0
2020-08-19 00:00:00+00:00,0.0
2020-08-20 00:00:00+00:00,0.0
2020-08-21 00:00:00+00:00,0.0
2020-08-24 00:00:00+00:00,0.0
2020-08-25 00:00:00+00:00,0.0
2020-08-26 00:00:00+00:00,0.0
2020-08-27 00:00:00+00:00,0.0
2020-08-28 00:00:00+00:00,0.0
2020-08-31 00:00:00+00:00,0.0
2020-09-01 00:00:00+00:00,0.0
2020-09-02 00:00:00+00:00,0.0
2020-09-03 00:00:00+00:00,0.0
2020-09-04 00:00:00+00:00,0.0
2020-09-07 00:00:00+00:00,0.0
2020-09-08 00:00:00+00:00,0.0
2020-09-09 00:00:00+00:00,0.0
2020-09-10 00:00:00+00:00,0.0
2020-09-11 00:00:00+00:00,0.0
2020-09-14 00:00:00+00:00,0.0
2020-09-15 00:00:00+00:00,0.0
2020-09-16 00:00:00+00:00,0.0
2020-09-17 00:00:00+00:00,0.0
2020-09-18 00:00:00+00:00,0.0
2020-09-21 00:00:00+00:00,0.0
2020-09-22 00:00:00+00:00,0.0
2020-09-23 00:00:00+00:00,0.0
2020-09-24 00:00:00+00:00,0.0
2020-09-25 00:00:00+00:00,0.0
2020-09-28 00:00:00+00:00,0.0
2020-09-29 00:00:00+00:00,0.0
2020-09-30 00:00:00+00:00,0.0
2020-10-09 00:00:00+00:00,0.0
2020-10-12 00:00:00+00:00,0.0
2020-10-13 00:00:00+00:00,0.0
2020-10-14 00:00:00+00:00,0.0
2020-10-15 00:00:00+00:00,0.0
2020-10-16 00:00:00+00:00,0.0
2020-10-19 00:00:00+00:00,0.0
2020-10-20 00:00:00+00:00,0.0
2020-10-21 00:00:00+00:00,0.0
2020-10-22 00:00:00+00:00,0.0
2020-10-23 00:00:00+00:00,0.0
2020-10-26 00:00:00+00:00,0.0
2020-10-27 00:00:00+00:00,0.0
2020-10-28 00:00:00+00:00,0.0
2020-10-29 00:00:00+00:00,0.0
2020-10-30 00:00:00+00:00,0.0
2020-11-02 00:00:00+00:00,0.0
2020-11-03 00:00:00+00:00,0.0
2020-11-04 00:00:00+00:00,0.0
2020-11-05 00:00:00+00:00,0.0
2020-11-06 00:00:00+00:00,0.0
2020-11-09 00:00:00+00:00,0.0
2020-11-10 00:00:00+00:00,0.0
2020-11-11 00:00:00+00:00,0.0
2020-11-12 00:00:00+00:00,0.0
2020-11-13 00:00:00+00:00,0.0
2020-11-16 00:00:00+00:00,0.0
2020-11-17 00:00:00+00:00,0.0
2020-11-18 00:00:00+00:00,0.0
2020-11-19 00:00:00+00:00,0.0
2020-11-20 00:00:00+00:00,0.0
2020-11-23 00:00:00+00:00,0.0
2020-11-24 00:00:00+00:00,0.0
2020-11-25 00:00:00+00:00,0.0
2020-11-26 00:00:00+00:00,0.0
2020-11-27 00:00:00+00:00,0.0
2020-11-30 00:00:00+00:00,0.0
2020-12-01 00:00:00+00:00,0.0
2020-12-02 00:00:00+00:00,0.0
2020-12-03 00:00:00+00:00,0.0
2020-12-04 00:00:00+00:00,0.0
2020-12-07 00:00:00+00:00,0.0
2020-12-08 00:00:00+00:00,0.0
2020-12-09 00:00:00+00:00,0.0
2020-12-10 00:00:00+00:00,0.0
2020-12-11 00:00:00+00:00,0.0
2020-12-14 00:00:00+00:00,0.0
2020-12-15 00:00:00+00:00,0.0
2020-12-16 00:00:00+00:00,0.9864360893031348
2020-12-17 00:00:00+00:00,0.9869238582249895
2020-12-18 00:00:00+00:00,0.9867330218273108
2020-12-21 00:00:00+00:00,0.9865365327066873
2020-12-22 00:00:00+00:00,0.9856636319908719
2020-12-23 00:00:00+00:00,0.0
2020-12-24 00:00:00+00:00,0.0
2020-12-25 00:00:00+00:00,0.0
2020-12-28 00:00:00+00:00,0.0
2020-12-29 00:00:00+00:00,0.0
2020-12-30 00:00:00+00:00,0.9901392242254644
2020-12-31 00:00:00+00:00,0.0
2021-01-04 00:00:00+00:00,0.0
2021-01-05 00:00:00+00:00,0.0
2021-01-06 00:00:00+00:00,0.0
2021-01-07 00:00:00+00:00,0.0
2021-01-08 00:00:00+00:00,0.0
2021-01-11 00:00:00+00:00,0.0
2021-01-12 00:00:00+00:00,0.0
2021-01-13 00:00:00+00:00,0.0
2021-01-14 00:00:00+00:00,0.9255623747962786
2021-01-15 00:00:00+00:00,0.9256301247552794
2021-01-18 00:00:00+00:00,0.0
2021-01-19 00:00:00+00:00,0.0
2021-01-20 00:00:00+00:00,0.0
2021-01-21 00:00:00+00:00,0.0
2021-01-22 00:00:00+00:00,0.0
2021-01-25 00:00:00+00:00,0.0
2021-01-26 00:00:00+00:00,0.0
2021-01-27 00:00:00+00:00,0.0
2021-01-28 00:00:00+00:00,0.0
2021-01-29 00:00:00+00:00,0.0
2021-02-01 00:00:00+00:00,0.0
2021-02-02 00:00:00+00:00,0.0
2021-02-03 00:00:00+00:00,0.0
2021-02-04 00:00:00+00:00,0.0
2021-02-05 00:00:00+00:00,0.0
2021-02-08 00:00:00+00:00,0.0
2021-02-09 00:00:00+00:00,0.0
2021-02-10 00:00:00+00:00,0.0
2021-02-18 00:00:00+00:00,0.0
2021-02-19 00:00:00+00:00,0.7804652504791646
2021-02-22 00:00:00+00:00,0.784140278290502
2021-02-23 00:00:00+00:00,0.7808579777656711
2021-02-24 00:00:00+00:00,0.7824149356883325
2021-02-25 00:00:00+00:00,0.7828007244674412
2021-02-26 00:00:00+00:00,0.0
2021-03-01 00:00:00+00:00,0.8064885506466709
2021-03-02 00:00:00+00:00,0.8099030498407968
2021-03-03 00:00:00+00:00,0.8095670318850963
2021-03-04 00:00:00+00:00,0.8093985770507621
2021-03-05 00:00:00+00:00,0.811894516569194
2021-03-08 00:00:00+00:00,0.8214052743999207
