date,amount,price,sid,symbol,value
2010-01-25 00:00:00+00:00,1000,10.3632,0,,-10363.2
2010-01-28 00:00:00+00:00,-1000,9.7562,0,,9756.199999999999
2010-02-02 00:00:00+00:00,1000,9.7372,0,,-9737.199999999999
2010-02-09 00:00:00+00:00,-1000,9.5791,0,,9579.1
2010-02-11 00:00:00+00:00,1000,9.851,0,,-9851.0
2010-02-24 00:00:00+00:00,-1000,9.655,0,,9655.0
2010-02-26 00:00:00+00:00,1000,9.9901,0,,-9990.1
2010-03-15 00:00:00+00:00,-1000,10.2127,0,,10212.7
2010-03-18 00:00:00+00:00,1000,10.4395,0,,-10439.5
2010-03-23 00:00:00+00:00,-1000,10.4795,0,,10479.5
2010-03-29 00:00:00+00:00,1000,10.5863,0,,-10586.3
2010-04-02 00:00:00+00:00,-1000,10.9732,0,,10973.2
2010-04-15 00:00:00+00:00,1000,10.8131,0,,-10813.1
2010-04-19 00:00:00+00:00,-1000,10.2594,0,,10259.4
2010-04-29 00:00:00+00:00,1000,9.3189,0,,-9318.9
2010-05-07 00:00:00+00:00,-1000,8.6985,0,,8698.5
2010-05-11 00:00:00+00:00,1000,9.2788,0,,-9278.800000000001
2010-05-19 00:00:00+00:00,-1000,9.1121,0,,9112.1
2010-05-21 00:00:00+00:00,1000,8.7719,0,,-8771.9
2010-05-24 00:00:00+00:00,-1000,9.1588,0,,9158.8
2010-05-25 00:00:00+00:00,1000,9.3322,0,,-9332.2
2010-05-27 00:00:00+00:00,-1000,9.0987,0,,9098.699999999999
2010-06-07 00:00:00+00:00,1000,8.6718,0,,-8671.8
2010-06-09 00:00:00+00:00,-1000,8.405,0,,8405.0
2010-06-10 00:00:00+00:00,1000,8.5251,0,,-8525.1
2010-06-29 00:00:00+00:00,-1000,9.0587,0,,9058.7
2010-07-07 00:00:00+00:00,1000,8.8605,0,,-8860.5
2010-07-16 00:00:00+00:00,-1000,9.1453,0,,9145.300000000001
2010-07-20 00:00:00+00:00,1000,9.491,0,,-9491.0
2010-07-23 00:00:00+00:00,-1000,9.6266,0,,9626.6
2010-07-26 00:00:00+00:00,1000,9.6944,0,,-9694.4
2010-07-28 00:00:00+00:00,-1000,9.5927,0,,9592.7
2010-07-29 00:00:00+00:00,1000,9.8096,0,,-9809.6
2010-08-04 00:00:00+00:00,-1000,9.7351,0,,9735.099999999999
2010-08-10 00:00:00+00:00,1000,9.6944,0,,-9694.4
2010-08-11 00:00:00+00:00,-1000,9.3758,0,,9375.8
2010-08-16 00:00:00+00:00,1000,9.2198,0,,-9219.8
2010-08-26 00:00:00+00:00,-1000,9.2741,0,,9274.1
2010-09-02 00:00:00+00:00,1000,9.3486,0,,-9348.599999999999
2010-09-03 00:00:00+00:00,-1000,9.2673,0,,9267.300000000001
2010-09-06 00:00:00+00:00,1000,9.2741,0,,-9274.1
2010-09-10 00:00:00+00:00,-1000,8.9826,0,,8982.6
2010-09-15 00:00:00+00:00,1000,9.0504,0,,-9050.4
2010-09-17 00:00:00+00:00,-1000,8.6978,0,,8697.800000000001
2010-09-21 00:00:00+00:00,1000,8.7588,0,,-8758.800000000001
2010-09-29 00:00:00+00:00,-1000,8.4809,0,,8480.9
2010-10-08 00:00:00+00:00,1000,8.8809,0,,-8880.9
2010-10-15 00:00:00+00:00,-1000,9.83,0,,9830.0
2010-10-18 00:00:00+00:00,1000,10.5418,0,,-10541.800000000001
2010-10-19 00:00:00+00:00,-1000,10.3384,0,,10338.4
2010-11-03 00:00:00+00:00,1000,10.0537,0,,-10053.699999999999
2010-11-10 00:00:00+00:00,-1000,10.135,0,,10135.0
2010-11-22 00:00:00+00:00,1000,9.0639,0,,-9063.9
2010-11-24 00:00:00+00:00,-1000,8.8944,0,,8894.4
2010-11-26 00:00:00+00:00,1000,9.1046,0,,-9104.6
2010-12-01 00:00:00+00:00,-1000,8.847,0,,8847.0
2010-12-03 00:00:00+00:00,1000,8.9758,0,,-8975.8
2010-12-10 00:00:00+00:00,-1000,8.8131,0,,8813.1
2010-12-15 00:00:00+00:00,1000,9.0165,0,,-9016.5
2010-12-17 00:00:00+00:00,-1000,8.9283,0,,8928.3
2010-12-22 00:00:00+00:00,1000,9.0232,0,,-9023.199999999999
2010-12-28 00:00:00+00:00,-1000,8.8266,0,,8826.599999999999
2011-01-04 00:00:00+00:00,1000,8.7521,0,,-8752.1
2011-01-17 00:00:00+00:00,-1000,8.8063,0,,8806.300000000001
2011-01-24 00:00:00+00:00,1000,8.6097,0,,-8609.7
2011-02-17 00:00:00+00:00,-1000,8.8944,0,,8894.4
2011-03-01 00:00:00+00:00,1000,8.7521,0,,-8752.1
2011-03-11 00:00:00+00:00,-1000,9.4368,0,,9436.8
2011-03-23 00:00:00+00:00,1000,9.3622,0,,-9362.199999999999
2011-03-29 00:00:00+00:00,-1000,9.6266,0,,9626.6
2011-04-07 00:00:00+00:00,1000,10.0334,0,,-10033.4
2011-04-12 00:00:00+00:00,-1000,10.1215,0,,10121.5
2011-04-15 00:00:00+00:00,1000,10.2977,0,,-10297.7
2011-04-19 00:00:00+00:00,-1000,10.1757,0,,10175.7
2011-04-27 00:00:00+00:00,1000,10.0062,0,,-10006.199999999999
2011-04-28 00:00:00+00:00,-1000,9.9181,0,,9918.1
2011-04-29 00:00:00+00:00,1000,9.9995,0,,-9999.5
2011-05-05 00:00:00+00:00,-1000,9.5046,0,,9504.6
2011-05-11 00:00:00+00:00,1000,9.613,0,,-9613.0
2011-05-13 00:00:00+00:00,-1000,9.43,0,,9430.0
2011-05-16 00:00:00+00:00,1000,9.4775,0,,-9477.5
2011-05-17 00:00:00+00:00,-1000,9.4097,0,,9409.7
2011-05-18 00:00:00+00:00,1000,9.4978,0,,-9497.8
2011-05-24 00:00:00+00:00,-1000,9.4029,0,,9402.900000000001
2011-05-31 00:00:00+00:00,1000,9.3622,0,,-9362.199999999999
2011-06-03 00:00:00+00:00,-1000,9.0029,0,,9002.9
2011-06-09 00:00:00+00:00,1000,8.9351,0,,-8935.1
2011-06-10 00:00:00+00:00,-1000,8.8634,0,,8863.4
2011-06-15 00:00:00+00:00,1000,8.9467,0,,-8946.7
2011-06-20 00:00:00+00:00,-1000,8.8634,0,,8863.4
2011-06-21 00:00:00+00:00,1000,8.912,0,,-8912.0
2011-06-29 00:00:00+00:00,-1000,9.127,0,,9127.0
2011-07-05 00:00:00+00:00,1000,9.2865,0,,-9286.5
2011-07-08 00:00:00+00:00,-1000,9.2171,0,,9217.1
2011-07-12 00:00:00+00:00,1000,9.0923,0,,-9092.3
2011-07-13 00:00:00+00:00,-1000,9.016,0,,9016.0
2011-07-25 00:00:00+00:00,1000,8.7039,0,,-8703.900000000001
2011-07-28 00:00:00+00:00,-1000,8.4612,0,,8461.2
2011-08-01 00:00:00+00:00,1000,8.5236,0,,-8523.6
2011-08-04 00:00:00+00:00,-1000,8.4959,0,,8495.900000000001
2011-08-10 00:00:00+00:00,1000,8.1352,0,,-8135.199999999999
2011-08-19 00:00:00+00:00,-1000,7.9618,0,,7961.8
2011-08-26 00:00:00+00:00,1000,8.371,0,,-8371.0
2011-08-31 00:00:00+00:00,-1000,8.1976,0,,8197.6
2011-09-02 00:00:00+00:00,1000,8.3155,0,,-8315.5
2011-09-06 00:00:00+00:00,-1000,8.0242,0,,8024.200000000001
2011-09-13 00:00:00+00:00,1000,8.1005,0,,-8100.5
2011-09-15 00:00:00+00:00,-1000,8.0797,0,,8079.700000000001
2011-09-22 00:00:00+00:00,1000,8.0451,0,,-8045.099999999999
2011-09-27 00:00:00+00:00,-1000,7.622,0,,7622.0
2011-09-30 00:00:00+00:00,1000,7.6567,0,,-7656.7
2011-10-19 00:00:00+00:00,-1000,8.052,0,,8052.0
2011-10-25 00:00:00+00:00,1000,8.3433,0,,-8343.3
2011-10-28 00:00:00+00:00,-1000,8.5305,0,,8530.5
2011-11-04 00:00:00+00:00,1000,8.5652,0,,-8565.2
2011-11-07 00:00:00+00:00,-1000,8.4959,0,,8495.900000000001
2011-11-16 00:00:00+00:00,1000,8.2739,0,,-8273.9
2011-11-18 00:00:00+00:00,-1000,7.9826,0,,7982.599999999999
2011-11-23 00:00:00+00:00,1000,8.0242,0,,-8024.200000000001
2011-11-29 00:00:00+00:00,-1000,7.9965,0,,7996.5
2011-11-30 00:00:00+00:00,1000,7.9757,0,,-7975.7
2011-12-14 00:00:00+00:00,-1000,8.0797,0,,8079.700000000001
2011-12-20 00:00:00+00:00,1000,8.0589,0,,-8058.9
2011-12-29 00:00:00+00:00,-1000,7.9965,0,,7996.5
2012-01-04 00:00:00+00:00,1000,8.2878,0,,-8287.800000000001
2012-01-16 00:00:00+00:00,-1000,8.6484,0,,8648.4
2012-01-20 00:00:00+00:00,1000,8.8704,0,,-8870.4
2012-01-31 00:00:00+00:00,-1000,8.8079,0,,8807.9
2012-02-06 00:00:00+00:00,1000,9.0091,0,,-9009.1
2012-02-08 00:00:00+00:00,-1000,8.8079,0,,8807.9
2012-02-10 00:00:00+00:00,1000,8.9605,0,,-8960.5
2012-02-14 00:00:00+00:00,-1000,8.7941,0,,8794.1
2012-02-21 00:00:00+00:00,1000,8.8149,0,,-8814.9
2012-03-07 00:00:00+00:00,-1000,8.6762,0,,8676.199999999999
2012-03-13 00:00:00+00:00,1000,8.5652,0,,-8565.2
2012-03-16 00:00:00+00:00,-1000,8.4959,0,,8495.900000000001
2012-03-20 00:00:00+00:00,1000,8.3918,0,,-8391.8
2012-03-22 00:00:00+00:00,-1000,8.3225,0,,8322.5
2012-03-26 00:00:00+00:00,1000,8.371,0,,-8371.0
2012-03-29 00:00:00+00:00,-1000,8.1907,0,,8190.7
2012-04-05 00:00:00+00:00,1000,8.2184,0,,-8218.400000000001
2012-04-11 00:00:00+00:00,-1000,8.1491,0,,8149.1
2012-04-13 00:00:00+00:00,1000,8.3294,0,,-8329.4
2012-04-18 00:00:00+00:00,-1000,8.2462,0,,8246.2
2012-04-20 00:00:00+00:00,1000,8.2739,0,,-8273.9
2012-04-26 00:00:00+00:00,-1000,8.5375,0,,8537.5
2012-05-03 00:00:00+00:00,1000,8.6068,0,,-8606.8
2012-05-09 00:00:00+00:00,-1000,8.5236,0,,8523.6
2012-05-18 00:00:00+00:00,1000,8.1283,0,,-8128.299999999999
2012-05-21 00:00:00+00:00,-1000,8.0312,0,,8031.2
2012-05-22 00:00:00+00:00,1000,8.1005,0,,-8100.5
2012-05-28 00:00:00+00:00,-1000,8.0589,0,,8058.9
2012-05-29 00:00:00+00:00,1000,8.0867,0,,-8086.700000000001
2012-06-05 00:00:00+00:00,-1000,7.9271,0,,7927.1
2012-06-07 00:00:00+00:00,1000,8.2158,0,,-8215.8
2012-06-12 00:00:00+00:00,-1000,7.8561,0,,7856.099999999999
2012-06-15 00:00:00+00:00,1000,7.8201,0,,-7820.1
2012-06-27 00:00:00+00:00,-1000,7.8849,0,,7884.9
2012-07-04 00:00:00+00:00,1000,7.8633,0,,-7863.3
2012-07-09 00:00:00+00:00,-1000,7.5683,0,,7568.3
2012-07-16 00:00:00+00:00,1000,7.3309,0,,-7330.9
2012-07-24 00:00:00+00:00,-1000,6.9352,0,,6935.2
2012-07-30 00:00:00+00:00,1000,7.0503,0,,-7050.3
2012-08-14 00:00:00+00:00,-1000,7.3165,0,,7316.5
2012-08-24 00:00:00+00:00,1000,7.1079,0,,-7107.9
2012-09-04 00:00:00+00:00,-1000,7.2014,0,,7201.4
2012-09-10 00:00:00+00:00,1000,7.2878,0,,-7287.8
2012-09-14 00:00:00+00:00,-1000,7.3021,0,,7302.1
2012-09-17 00:00:00+00:00,1000,7.3741,0,,-7374.1
2012-09-18 00:00:00+00:00,-1000,7.2662,0,,7266.200000000001
2012-09-26 00:00:00+00:00,1000,7.0935,0,,-7093.5
2012-10-11 00:00:00+00:00,-1000,7.3309,0,,7330.9
2012-10-15 00:00:00+00:00,1000,7.4604,0,,-7460.4
2012-10-19 00:00:00+00:00,-1000,7.5539,0,,7553.9
2012-11-02 00:00:00+00:00,1000,7.3957,0,,-7395.7
2012-11-09 00:00:00+00:00,-1000,7.3165,0,,7316.5
2012-11-20 00:00:00+00:00,1000,7.1583,0,,-7158.299999999999
2012-12-04 00:00:00+00:00,-1000,7.1295,0,,7129.5
2012-12-06 00:00:00+00:00,1000,7.482,0,,-7482.0
2012-12-13 00:00:00+00:00,-1000,7.9352,0,,7935.2
2012-12-18 00:00:00+00:00,1000,8.4029,0,,-8402.900000000001
2012-12-20 00:00:00+00:00,-1000,8.4892,0,,8489.2
2012-12-21 00:00:00+00:00,1000,8.6475,0,,-8647.5
2012-12-26 00:00:00+00:00,-1000,9.1798,0,,9179.8
2012-12-27 00:00:00+00:00,1000,9.2446,0,,-9244.6
2012-12-28 00:00:00+00:00,-1000,9.0863,0,,9086.3
2013-01-04 00:00:00+00:00,1000,9.9424,0,,-9942.4
2013-01-08 00:00:00+00:00,-1000,9.8201,0,,9820.1
2013-01-15 00:00:00+00:00,1000,9.928,0,,-9928.0
2013-01-18 00:00:00+00:00,-1000,9.6115,0,,9611.5
2013-01-23 00:00:00+00:00,1000,10.0,0,,-10000.0
2013-01-28 00:00:00+00:00,-1000,9.7122,0,,9712.199999999999
2013-01-30 00:00:00+00:00,1000,10.5108,0,,-10510.8
2013-02-06 00:00:00+00:00,-1000,10.3597,0,,10359.7
2013-02-22 00:00:00+00:00,1000,9.6043,0,,-9604.300000000001
2013-02-25 00:00:00+00:00,-1000,9.4604,0,,9460.4
2013-03-01 00:00:00+00:00,1000,9.5683,0,,-9568.300000000001
2013-03-12 00:00:00+00:00,-1000,9.4388,0,,9438.800000000001
2013-03-21 00:00:00+00:00,1000,9.4532,0,,-9453.2
2013-03-27 00:00:00+00:00,-1000,9.1079,0,,9107.900000000001
2013-04-01 00:00:00+00:00,1000,8.9856,0,,-8985.6
2013-04-11 00:00:00+00:00,-1000,9.036,0,,9036.0
2013-04-19 00:00:00+00:00,1000,8.7842,0,,-8784.2
2013-04-25 00:00:00+00:00,-1000,8.8057,0,,8805.7
2013-05-06 00:00:00+00:00,1000,8.9208,0,,-8920.8
2013-05-17 00:00:00+00:00,-1000,9.9784,0,,9978.400000000001
2013-05-31 00:00:00+00:00,1000,9.777,0,,-9777.0
2013-06-03 00:00:00+00:00,-1000,9.7698,0,,9769.8
2013-06-04 00:00:00+00:00,1000,9.8849,0,,-9884.9
2013-06-07 00:00:00+00:00,-1000,9.482,0,,9482.0
2013-06-17 00:00:00+00:00,1000,9.2408,0,,-9240.8
2013-06-19 00:00:00+00:00,-1000,9.2181,0,,9218.1
2013-06-25 00:00:00+00:00,1000,8.1603,0,,-8160.299999999999
2013-07-09 00:00:00+00:00,-1000,8.3265,0,,8326.5
2013-07-12 00:00:00+00:00,1000,9.067,0,,-9067.0
2013-07-16 00:00:00+00:00,-1000,8.795,0,,8795.0
2013-07-24 00:00:00+00:00,1000,8.1981,0,,-8198.1
2013-07-29 00:00:00+00:00,-1000,8.0092,0,,8009.2
2013-08-01 00:00:00+00:00,1000,8.0772,0,,-8077.2
2013-08-09 00:00:00+00:00,-1000,8.1905,0,,8190.5
2013-08-13 00:00:00+00:00,1000,8.3492,0,,-8349.199999999999
2013-08-16 00:00:00+00:00,-1000,8.319,0,,8319.0
2013-09-06 00:00:00+00:00,1000,8.1852,0,,-8185.2
2013-09-13 00:00:00+00:00,-1000,9.1323,0,,9132.300000000001
2013-09-30 00:00:00+00:00,1000,8.3777,0,,-8377.7
2013-10-16 00:00:00+00:00,-1000,8.2622,0,,8262.2
2013-10-22 00:00:00+00:00,1000,8.2699,0,,-8269.9
2013-10-25 00:00:00+00:00,-1000,8.1621,0,,8162.1
2013-10-30 00:00:00+00:00,1000,8.3931,0,,-8393.1
2013-11-05 00:00:00+00:00,-1000,8.3084,0,,8308.400000000001
2013-11-19 00:00:00+00:00,1000,8.7011,0,,-8701.1
2013-11-22 00:00:00+00:00,-1000,8.4547,0,,8454.7
2013-12-03 00:00:00+00:00,1000,8.5471,0,,-8547.1
2013-12-09 00:00:00+00:00,-1000,8.4547,0,,8454.7
2013-12-19 00:00:00+00:00,1000,8.3469,0,,-8346.9
2013-12-24 00:00:00+00:00,-1000,7.9696,0,,7969.599999999999
2013-12-26 00:00:00+00:00,1000,7.9234,0,,-7923.4
2014-01-06 00:00:00+00:00,-1000,8.0851,0,,8085.1
2014-01-10 00:00:00+00:00,1000,8.2314,0,,-8231.400000000001
2014-01-16 00:00:00+00:00,-1000,8.1544,0,,8154.400000000001
2014-01-23 00:00:00+00:00,1000,8.216,0,,-8216.0
2014-01-27 00:00:00+00:00,-1000,8.0081,0,,8008.1
2014-01-30 00:00:00+00:00,1000,8.0774,0,,-8077.400000000001
2014-02-10 00:00:00+00:00,-1000,7.985,0,,7985.0
2014-02-12 00:00:00+00:00,1000,8.139,0,,-8138.999999999999
2014-02-17 00:00:00+00:00,-1000,8.1621,0,,8162.1
2014-02-27 00:00:00+00:00,1000,7.7309,0,,-7730.900000000001
2014-03-04 00:00:00+00:00,-1000,7.5461,0,,7546.1
2014-03-07 00:00:00+00:00,1000,7.4922,0,,-7492.200000000001
2014-03-12 00:00:00+00:00,-1000,7.2843,0,,7284.3
2014-03-13 00:00:00+00:00,1000,7.4229,0,,-7422.900000000001
2014-03-19 00:00:00+00:00,-1000,7.3613,0,,7361.3
2014-03-24 00:00:00+00:00,1000,7.5846,0,,-7584.6
2014-03-28 00:00:00+00:00,-1000,7.5384,0,,7538.400000000001
2014-03-31 00:00:00+00:00,1000,7.5846,0,,-7584.6
2014-04-04 00:00:00+00:00,-1000,7.5769,0,,7576.900000000001
2014-04-10 00:00:00+00:00,1000,7.8541,0,,-7854.099999999999
2014-04-15 00:00:00+00:00,-1000,7.8926,0,,7892.599999999999
2014-04-25 00:00:00+00:00,1000,7.7617,0,,-7761.7
2014-05-06 00:00:00+00:00,-1000,7.6385,0,,7638.5
2014-05-12 00:00:00+00:00,1000,7.6693,0,,-7669.3
2014-05-20 00:00:00+00:00,-1000,7.6,0,,7600.0
2014-05-23 00:00:00+00:00,1000,7.6924,0,,-7692.400000000001
2014-06-03 00:00:00+00:00,-1000,7.8079,0,,7807.9
2014-06-12 00:00:00+00:00,1000,7.7771,0,,-7777.099999999999
2014-06-19 00:00:00+00:00,-1000,7.9311,0,,7931.099999999999
2014-06-27 00:00:00+00:00,1000,7.8618,0,,-7861.799999999999
2014-07-09 00:00:00+00:00,-1000,7.9773,0,,7977.299999999999
2014-07-15 00:00:00+00:00,1000,7.9911,0,,-7991.1
2014-07-18 00:00:00+00:00,-1000,7.9829,0,,7982.9
2014-07-22 00:00:00+00:00,1000,8.0485,0,,-8048.500000000001
2014-07-31 00:00:00+00:00,-1000,8.9582,0,,8958.199999999999
2014-08-05 00:00:00+00:00,1000,9.2123,0,,-9212.300000000001
2014-08-06 00:00:00+00:00,-1000,9.0976,0,,9097.6
2014-08-13 00:00:00+00:00,1000,8.9418,0,,-8941.800000000001
2014-08-15 00:00:00+00:00,-1000,8.7943,0,,8794.3
2014-08-20 00:00:00+00:00,1000,8.8025,0,,-8802.5
2014-08-21 00:00:00+00:00,-1000,8.7861,0,,8786.099999999999
2014-08-25 00:00:00+00:00,1000,8.7861,0,,-8786.099999999999
2014-08-28 00:00:00+00:00,-1000,8.6632,0,,8663.199999999999
2014-09-01 00:00:00+00:00,1000,8.6796,0,,-8679.6
2014-09-10 00:00:00+00:00,-1000,8.7697,0,,8769.7
2014-09-22 00:00:00+00:00,1000,8.655,0,,-8655.0
2014-09-24 00:00:00+00:00,-1000,8.4747,0,,8474.7
2014-09-25 00:00:00+00:00,1000,8.7287,0,,-8728.7
2014-09-30 00:00:00+00:00,-1000,8.532,0,,8532.0
2014-10-10 00:00:00+00:00,1000,8.532,0,,-8532.0
2014-10-14 00:00:00+00:00,-1000,8.5157,0,,8515.7
2014-10-17 00:00:00+00:00,1000,8.5157,0,,-8515.7
2014-10-21 00:00:00+00:00,-1000,8.5157,0,,8515.7
2014-10-24 00:00:00+00:00,1000,8.5238,0,,-8523.8
2014-10-27 00:00:00+00:00,-1000,8.4665,0,,8466.5
2014-10-30 00:00:00+00:00,1000,8.5157,0,,-8515.7
2014-11-05 00:00:00+00:00,-1000,8.6714,0,,8671.4
2014-11-11 00:00:00+00:00,1000,8.8435,0,,-8843.5
2014-11-14 00:00:00+00:00,-1000,8.9582,0,,8958.199999999999
2014-11-24 00:00:00+00:00,1000,8.7451,0,,-8745.1
2014-12-02 00:00:00+00:00,-1000,9.8106,0,,9810.6
2014-12-05 00:00:00+00:00,1000,11.3925,0,,-11392.5
2014-12-10 00:00:00+00:00,-1000,10.7859,0,,10785.9
2014-12-15 00:00:00+00:00,1000,11.2367,0,,-11236.7
2014-12-16 00:00:00+00:00,-1000,11.1384,0,,11138.400000000001
2014-12-18 00:00:00+00:00,1000,12.3924,0,,-12392.4
2014-12-24 00:00:00+00:00,-1000,12.294,0,,12294.0
2014-12-30 00:00:00+00:00,1000,12.6137,0,,-12613.699999999999
2015-01-08 00:00:00+00:00,-1000,13.3185,0,,13318.5
2015-01-16 00:00:00+00:00,1000,13.3349,0,,-13334.9
2015-01-20 00:00:00+00:00,-1000,12.0891,0,,12089.1
2015-01-23 00:00:00+00:00,1000,12.4825,0,,-12482.5
2015-01-28 00:00:00+00:00,-1000,11.9662,0,,11966.2
2015-02-03 00:00:00+00:00,1000,11.7613,0,,-11761.300000000001
2015-02-09 00:00:00+00:00,-1000,11.6793,0,,11679.3
2015-02-10 00:00:00+00:00,1000,11.8596,0,,-11859.6
2015-02-16 00:00:00+00:00,-1000,11.8023,0,,11802.300000000001
2015-02-27 00:00:00+00:00,1000,12.0481,0,,-12048.1
2015-03-04 00:00:00+00:00,-1000,11.7449,0,,11744.9
2015-03-10 00:00:00+00:00,1000,11.876,0,,-11876.0
2015-03-23 00:00:00+00:00,-1000,12.9661,0,,12966.1
2015-03-31 00:00:00+00:00,1000,13.0726,0,,-13072.6
2015-04-13 00:00:00+00:00,-1000,14.1217,0,,14121.7
2015-04-14 00:00:00+00:00,1000,14.7282,0,,-14728.199999999999
2015-04-20 00:00:00+00:00,-1000,15.3265,0,,15326.5
2015-04-30 00:00:00+00:00,1000,15.1626,0,,-15162.599999999999
2015-05-05 00:00:00+00:00,-1000,14.7938,0,,14793.8
2015-05-11 00:00:00+00:00,1000,14.3512,0,,-14351.2
2015-05-15 00:00:00+00:00,-1000,14.2774,0,,14277.4
2015-05-20 00:00:00+00:00,1000,14.4496,0,,-14449.6
2015-05-28 00:00:00+00:00,-1000,15.6216,0,,15621.6
2015-06-03 00:00:00+00:00,1000,15.5724,0,,-15572.4
2015-06-10 00:00:00+00:00,-1000,16.81,0,,16810.0
2015-06-24 00:00:00+00:00,1000,15.2856,0,,-15285.6
2015-06-29 00:00:00+00:00,-1000,14.5069,0,,14506.9
2015-07-01 00:00:00+00:00,1000,15.0233,0,,-15023.300000000001
2015-07-10 00:00:00+00:00,-1000,15.7851,0,,15785.1
2015-07-20 00:00:00+00:00,1000,15.5215,0,,-15521.5
2015-07-23 00:00:00+00:00,-1000,15.0965,0,,15096.5
2015-07-31 00:00:00+00:00,1000,14.5355,0,,-14535.5
2015-08-10 00:00:00+00:00,-1000,15.4025,0,,15402.5
2015-08-11 00:00:00+00:00,1000,15.717,0,,-15717.0
2015-08-13 00:00:00+00:00,-1000,15.4365,0,,15436.5
2015-08-21 00:00:00+00:00,1000,14.204,0,,-14204.0
2015-08-25 00:00:00+00:00,-1000,12.3339,0,,12333.9
2015-08-26 00:00:00+00:00,1000,12.4954,0,,-12495.4
2015-09-02 00:00:00+00:00,-1000,13.983,0,,13983.0
2015-09-11 00:00:00+00:00,1000,14.5355,0,,-14535.5
2015-09-14 00:00:00+00:00,-1000,14.5355,0,,14535.5
2015-09-15 00:00:00+00:00,1000,15.2495,0,,-15249.5
2015-09-18 00:00:00+00:00,-1000,14.8925,0,,14892.5
2015-09-23 00:00:00+00:00,1000,15.1305,0,,-15130.5
2015-09-24 00:00:00+00:00,-1000,15.1985,0,,15198.5
2015-10-08 00:00:00+00:00,1000,15.4705,0,,-15470.5
2015-10-16 00:00:00+00:00,-1000,15.6405,0,,15640.5
2015-10-19 00:00:00+00:00,1000,15.7766,0,,-15776.6
2015-10-21 00:00:00+00:00,-1000,15.4535,0,,15453.5
2015-11-04 00:00:00+00:00,1000,15.275,0,,-15275.0
2015-11-10 00:00:00+00:00,-1000,16.0231,0,,16023.099999999999
2015-11-20 00:00:00+00:00,1000,15.428,0,,-15428.0
2015-11-27 00:00:00+00:00,-1000,14.884,0,,14884.0
2015-12-02 00:00:00+00:00,1000,14.561,0,,-14561.0
2015-12-08 00:00:00+00:00,-1000,14.7055,0,,14705.5
2015-12-10 00:00:00+00:00,1000,14.782,0,,-14782.0
2015-12-11 00:00:00+00:00,-1000,14.646,0,,14646.0
2015-12-17 00:00:00+00:00,1000,14.4505,0,,-14450.5
2015-12-25 00:00:00+00:00,-1000,15.4875,0,,15487.5
2016-01-11 00:00:00+00:00,1000,14.1785,0,,-14178.5
2016-01-12 00:00:00+00:00,-1000,13.626,0,,13626.0
2016-01-15 00:00:00+00:00,1000,13.49,0,,-13490.0
2016-01-19 00:00:00+00:00,-1000,13.2435,0,,13243.5
2016-01-20 00:00:00+00:00,1000,13.2265,0,,-13226.5
2016-01-25 00:00:00+00:00,-1000,12.997,0,,12997.0
2016-01-26 00:00:00+00:00,1000,13.031,0,,-13031.0
2016-01-29 00:00:00+00:00,-1000,12.5379,0,,12537.9
2016-02-01 00:00:00+00:00,1000,12.7334,0,,-12733.4
2016-02-04 00:00:00+00:00,-1000,12.5719,0,,12571.9
2016-02-05 00:00:00+00:00,1000,12.6654,0,,-12665.4
2016-02-22 00:00:00+00:00,-1000,12.6484,0,,12648.4
2016-02-25 00:00:00+00:00,1000,12.5889,0,,-12588.900000000001
2016-02-26 00:00:00+00:00,-1000,12.1979,0,,12197.900000000001
2016-03-02 00:00:00+00:00,1000,12.5719,0,,-12571.9
2016-03-11 00:00:00+00:00,-1000,13.252,0,,13252.0
2016-03-17 00:00:00+00:00,1000,13.932,0,,-13932.0
2016-03-22 00:00:00+00:00,-1000,13.83,0,,13830.0
2016-04-01 00:00:00+00:00,1000,13.7535,0,,-13753.5
2016-04-08 00:00:00+00:00,-1000,13.6005,0,,13600.5
2016-04-13 00:00:00+00:00,1000,13.932,0,,-13932.0
2016-04-26 00:00:00+00:00,-1000,15.139,0,,15139.0
2016-04-27 00:00:00+00:00,1000,15.2155,0,,-15215.5
2016-04-29 00:00:00+00:00,-1000,15.19,0,,15190.0
2016-05-12 00:00:00+00:00,1000,14.4675,0,,-14467.5
2016-05-24 00:00:00+00:00,-1000,14.884,0,,14884.0
2016-05-30 00:00:00+00:00,1000,15.088,0,,-15088.0
2016-06-03 00:00:00+00:00,-1000,15.1305,0,,15130.5
2016-06-17 00:00:00+00:00,1000,14.7735,0,,-14773.5
2016-06-24 00:00:00+00:00,-1000,14.6715,0,,14671.5
2016-06-29 00:00:00+00:00,1000,14.714,0,,-14714.0
2016-07-07 00:00:00+00:00,-1000,14.799,0,,14799.0
2016-07-13 00:00:00+00:00,1000,15.1499,0,,-15149.900000000001
2016-07-21 00:00:00+00:00,-1000,15.0969,0,,15096.9
2016-07-28 00:00:00+00:00,1000,15.203,0,,-15203.0
2016-08-02 00:00:00+00:00,-1000,15.2207,0,,15220.7
2016-08-03 00:00:00+00:00,1000,15.1057,0,,-15105.7
2016-08-04 00:00:00+00:00,-1000,15.1323,0,,15132.300000000001
2016-08-09 00:00:00+00:00,1000,15.1499,0,,-15149.900000000001
2016-08-16 00:00:00+00:00,-1000,16.4854,0,,16485.399999999998
2016-08-17 00:00:00+00:00,1000,16.2997,0,,-16299.7
2016-08-18 00:00:00+00:00,-1000,16.2112,0,,16211.2
2016-08-22 00:00:00+00:00,1000,16.4677,0,,-16467.7
2016-08-26 00:00:00+00:00,-1000,16.3527,0,,16352.699999999999
2016-09-01 00:00:00+00:00,1000,16.45,0,,-16450.0
2016-09-09 00:00:00+00:00,-1000,16.3793,0,,16379.300000000001
2016-09-20 00:00:00+00:00,1000,15.7425,0,,-15742.5
2016-10-10 00:00:00+00:00,-1000,15.9459,0,,15945.9
2016-10-11 00:00:00+00:00,1000,16.2112,0,,-16211.2
2016-10-13 00:00:00+00:00,-1000,16.052,0,,16052.0
2016-10-24 00:00:00+00:00,1000,15.8575,0,,-15857.5
2016-10-28 00:00:00+00:00,-1000,15.7425,0,,15742.5
2016-11-02 00:00:00+00:00,1000,15.7956,0,,-15795.6
2016-11-07 00:00:00+00:00,-1000,15.8398,0,,15839.800000000001
2016-11-08 00:00:00+00:00,1000,15.8486,0,,-15848.599999999999
2016-11-17 00:00:00+00:00,-1000,16.0167,0,,16016.7
2016-11-18 00:00:00+00:00,1000,16.0255,0,,-16025.500000000002
2016-11-21 00:00:00+00:00,-1000,15.9901,0,,15990.1
2016-11-24 00:00:00+00:00,1000,16.6004,0,,-16600.4
2016-11-29 00:00:00+00:00,-1000,16.4943,0,,16494.3
2016-12-07 00:00:00+00:00,1000,16.4943,0,,-16494.3
2016-12-15 00:00:00+00:00,-1000,16.565,0,,16565.0
2016-12-22 00:00:00+00:00,1000,15.7867,0,,-15786.699999999999
2016-12-23 00:00:00+00:00,-1000,15.716,0,,15716.0
2016-12-27 00:00:00+00:00,1000,15.6806,0,,-15680.6
2017-01-09 00:00:00+00:00,-1000,15.9636,0,,15963.6
2017-01-13 00:00:00+00:00,1000,15.9194,0,,-15919.4
2017-01-20 00:00:00+00:00,-1000,16.397,0,,16397.0
2017-01-25 00:00:00+00:00,1000,16.6358,0,,-16635.8
2017-02-06 00:00:00+00:00,-1000,16.6977,0,,16697.7
2017-02-10 00:00:00+00:00,1000,16.68,0,,-16680.0
2017-02-22 00:00:00+00:00,-1000,17.1841,0,,17184.100000000002
2017-03-08 00:00:00+00:00,1000,16.9099,0,,-16909.9
2017-03-13 00:00:00+00:00,-1000,16.7065,0,,16706.5
2017-03-15 00:00:00+00:00,1000,16.8922,0,,-16892.2
2017-03-20 00:00:00+00:00,-1000,16.7065,0,,16706.5
2017-03-24 00:00:00+00:00,1000,16.6004,0,,-16600.4
2017-04-10 00:00:00+00:00,-1000,16.7419,0,,16741.9
2017-04-13 00:00:00+00:00,1000,16.8392,0,,-16839.2
2017-04-17 00:00:00+00:00,-1000,16.6004,0,,16600.4
2017-04-24 00:00:00+00:00,1000,16.7065,0,,-16706.5
2017-05-03 00:00:00+00:00,-1000,16.7949,0,,16794.899999999998
2017-05-11 00:00:00+00:00,1000,16.8834,0,,-16883.4
2017-05-18 00:00:00+00:00,-1000,17.697,0,,17697.0
2017-05-23 00:00:00+00:00,1000,18.4665,0,,-18466.5
2017-05-31 00:00:00+00:00,-1000,19.855,0,,19855.0
2017-06-09 00:00:00+00:00,1000,20.1203,0,,-20120.3
2017-06-14 00:00:00+00:00,-1000,19.8934,0,,19893.4
2017-06-21 00:00:00+00:00,1000,19.4727,0,,-19472.7
2017-06-29 00:00:00+00:00,-1000,21.9514,0,,21951.399999999998
2017-06-30 00:00:00+00:00,1000,21.9514,0,,-21951.399999999998
2017-07-03 00:00:00+00:00,-1000,21.7685,0,,21768.5
2017-07-13 00:00:00+00:00,1000,22.2624,0,,-22262.399999999998
2017-07-19 00:00:00+00:00,-1000,22.3538,0,,22353.8
2017-07-24 00:00:00+00:00,1000,22.6557,0,,-22655.7
2017-07-26 00:00:00+00:00,-1000,23.3416,0,,23341.6
2017-07-31 00:00:00+00:00,1000,23.4514,0,,-23451.399999999998
2017-08-04 00:00:00+00:00,-1000,23.6618,0,,23661.8
2017-08-16 00:00:00+00:00,1000,23.241,0,,-23241.0
2017-08-29 00:00:00+00:00,-1000,24.9331,0,,24933.1
2017-09-13 00:00:00+00:00,1000,24.1831,0,,-24183.1
2017-09-18 00:00:00+00:00,-1000,23.7532,0,,23753.2
2017-09-20 00:00:00+00:00,1000,23.8813,0,,-23881.3
2017-09-26 00:00:00+00:00,-1000,23.5154,0,,23515.4
2017-10-09 00:00:00+00:00,1000,24.5124,0,,-24512.399999999998
2017-10-23 00:00:00+00:00,-1000,24.4849,0,,24484.9
2017-10-30 00:00:00+00:00,1000,25.4728,0,,-25472.8
2017-11-02 00:00:00+00:00,-1000,24.5124,0,,24512.399999999998
2017-11-08 00:00:00+00:00,1000,24.6953,0,,-24695.3
2017-11-23 00:00:00+00:00,-1000,28.171,0,,28171.0
2017-12-06 00:00:00+00:00,1000,26.8447,0,,-26844.7
2017-12-11 00:00:00+00:00,-1000,26.0124,0,,26012.399999999998
2017-12-12 00:00:00+00:00,1000,26.2502,0,,-26250.2
2017-12-15 00:00:00+00:00,-1000,26.1313,0,,26131.3
2017-12-20 00:00:00+00:00,1000,26.8996,0,,-26899.6
2017-12-25 00:00:00+00:00,-1000,26.6984,0,,26698.399999999998
2018-01-03 00:00:00+00:00,1000,27.2014,0,,-27201.399999999998
2018-01-09 00:00:00+00:00,-1000,27.0002,0,,27000.2
2018-01-11 00:00:00+00:00,1000,27.9149,0,,-27914.899999999998
2018-01-17 00:00:00+00:00,-1000,29.36,0,,29360.0
2018-01-23 00:00:00+00:00,1000,30.3661,0,,-30366.1
2018-01-25 00:00:00+00:00,-1000,31.107,0,,31107.0
2018-02-02 00:00:00+00:00,1000,31.1344,0,,-31134.399999999998
2018-02-08 00:00:00+00:00,-1000,29.2228,0,,29222.8
2018-02-14 00:00:00+00:00,1000,28.3082,0,,-28308.2
2018-03-02 00:00:00+00:00,-1000,27.549,0,,27549.0
2018-03-08 00:00:00+00:00,1000,28.2167,0,,-28216.7
2018-03-15 00:00:00+00:00,-1000,27.6313,0,,27631.3
2018-03-21 00:00:00+00:00,1000,28.61,0,,-28610.0
2018-03-26 00:00:00+00:00,-1000,27.677,0,,27677.0
2018-03-30 00:00:00+00:00,1000,26.863,0,,-26863.0
2018-04-04 00:00:00+00:00,-1000,26.4148,0,,26414.8
2018-04-10 00:00:00+00:00,1000,26.3783,0,,-26378.3
2018-04-16 00:00:00+00:00,-1000,26.7075,0,,26707.5
2018-04-20 00:00:00+00:00,1000,25.6557,0,,-25655.7
2018-05-07 00:00:00+00:00,-1000,26.3142,0,,26314.2
2018-05-10 00:00:00+00:00,1000,27.4392,0,,-27439.2
2018-05-16 00:00:00+00:00,-1000,27.7868,0,,27786.8
2018-05-29 00:00:00+00:00,1000,26.2045,0,,-26204.5
2018-05-31 00:00:00+00:00,-1000,25.9667,0,,25966.7
2018-06-05 00:00:00+00:00,1000,26.6801,0,,-26680.1
2018-06-11 00:00:00+00:00,-1000,25.7929,0,,25792.899999999998
2018-06-13 00:00:00+00:00,1000,26.2959,0,,-26295.899999999998
2018-06-22 00:00:00+00:00,-1000,26.2228,0,,26222.8
2018-07-02 00:00:00+00:00,1000,24.1831,0,,-24183.1
2018-07-03 00:00:00+00:00,-1000,23.2685,0,,23268.5
2018-07-04 00:00:00+00:00,1000,23.0307,0,,-23030.7
2018-07-05 00:00:00+00:00,-1000,23.0215,0,,23021.5
2018-07-06 00:00:00+00:00,1000,23.3142,0,,-23314.2
2018-07-16 00:00:00+00:00,-1000,24.717,0,,24717.0
2018-07-23 00:00:00+00:00,1000,25.8692,0,,-25869.2
2018-07-27 00:00:00+00:00,-1000,26.5587,0,,26558.7
2018-07-31 00:00:00+00:00,1000,27.0121,0,,-27012.1
2018-08-02 00:00:00+00:00,-1000,26.2565,0,,26256.5
2018-08-08 00:00:00+00:00,1000,27.0121,0,,-27012.1
2018-08-14 00:00:00+00:00,-1000,26.1242,0,,26124.199999999997
2018-08-21 00:00:00+00:00,1000,25.5387,0,,-25538.699999999997
2018-08-31 00:00:00+00:00,-1000,26.4548,0,,26454.8
2018-09-05 00:00:00+00:00,1000,26.7759,0,,-26775.9
2018-09-06 00:00:00+00:00,-1000,26.162,0,,26162.0
2018-09-12 00:00:00+00:00,1000,25.7087,0,,-25708.7
2018-09-13 00:00:00+00:00,-1000,26.3887,0,,26388.7
2018-09-14 00:00:00+00:00,1000,26.4359,0,,-26435.9
2018-09-26 00:00:00+00:00,-1000,28.0982,0,,28098.199999999997
2018-09-27 00:00:00+00:00,1000,28.5799,0,,-28579.899999999998
2018-09-28 00:00:00+00:00,-1000,28.9671,0,,28967.1
2018-10-08 00:00:00+00:00,1000,28.051,0,,-28051.0
2018-10-09 00:00:00+00:00,-1000,27.7015,0,,27701.5
2018-10-17 00:00:00+00:00,1000,27.7676,0,,-27767.600000000002
2018-10-19 00:00:00+00:00,-1000,26.2092,0,,26209.2
2018-10-22 00:00:00+00:00,1000,27.8904,0,,-27890.4
2018-10-26 00:00:00+00:00,-1000,27.9943,0,,27994.3
2018-10-29 00:00:00+00:00,1000,28.1454,0,,-28145.399999999998
2018-10-30 00:00:00+00:00,-1000,26.5587,0,,26558.7
2018-11-02 00:00:00+00:00,1000,28.2399,0,,-28239.899999999998
2018-11-08 00:00:00+00:00,-1000,28.3532,0,,28353.2
2018-11-20 00:00:00+00:00,1000,27.1915,0,,-27191.5
2018-11-23 00:00:00+00:00,-1000,26.7193,0,,26719.3
2018-11-29 00:00:00+00:00,1000,26.9176,0,,-26917.6
2018-12-07 00:00:00+00:00,-1000,27.4748,0,,27474.8
2018-12-14 00:00:00+00:00,1000,26.9837,0,,-26983.699999999997
2018-12-17 00:00:00+00:00,-1000,26.757,0,,26757.0
2018-12-25 00:00:00+00:00,1000,23.6119,0,,-23611.899999999998
2018-12-28 00:00:00+00:00,-1000,23.5647,0,,23564.699999999997
2019-01-03 00:00:00+00:00,1000,23.0452,0,,-23045.2
2019-01-18 00:00:00+00:00,-1000,25.0003,0,,25000.3
2019-01-28 00:00:00+00:00,1000,26.9365,0,,-26936.5
2019-01-30 00:00:00+00:00,-1000,27.0121,0,,27012.1
2019-02-01 00:00:00+00:00,1000,27.5882,0,,-27588.2
2019-02-14 00:00:00+00:00,-1000,28.0038,0,,28003.8
2019-02-21 00:00:00+00:00,1000,28.5043,0,,-28504.3
2019-02-22 00:00:00+00:00,-1000,28.4004,0,,28400.4
2019-02-25 00:00:00+00:00,1000,29.2788,0,,-29278.8
2019-02-28 00:00:00+00:00,-1000,29.9399,0,,29939.9
2019-03-04 00:00:00+00:00,1000,31.1678,0,,-31167.8
2019-03-07 00:00:00+00:00,-1000,30.2327,0,,30232.7
2019-03-14 00:00:00+00:00,1000,29.2599,0,,-29259.899999999998
2019-03-22 00:00:00+00:00,-1000,30.2988,0,,30298.8
2019-03-25 00:00:00+00:00,1000,30.2233,0,,-30223.3
2019-03-26 00:00:00+00:00,-1000,29.836,0,,29836.0
2019-03-29 00:00:00+00:00,1000,30.7144,0,,-30714.4
2019-04-03 00:00:00+00:00,-1000,32.49,0,,32490.000000000004
2019-04-04 00:00:00+00:00,1000,32.9623,0,,-32962.299999999996
2019-04-10 00:00:00+00:00,-1000,33.1039,0,,33103.9
2019-04-17 00:00:00+00:00,1000,33.8973,0,,-33897.3
2019-04-22 00:00:00+00:00,-1000,33.8123,0,,33812.3
2019-04-26 00:00:00+00:00,1000,33.2078,0,,-33207.799999999996
2019-04-29 00:00:00+00:00,-1000,32.6506,0,,32650.6
2019-05-07 00:00:00+00:00,1000,32.2822,0,,-32282.200000000004
2019-05-08 00:00:00+00:00,-1000,31.4511,0,,31451.1
2019-05-13 00:00:00+00:00,1000,31.215,0,,-31215.0
2019-05-24 00:00:00+00:00,-1000,31.7156,0,,31715.6
2019-05-28 00:00:00+00:00,1000,31.8761,0,,-31876.100000000002
2019-06-03 00:00:00+00:00,-1000,32.3484,0,,32348.399999999998
2019-06-04 00:00:00+00:00,1000,32.49,0,,-32490.000000000004
2019-06-05 00:00:00+00:00,-1000,32.4239,0,,32423.9
2019-06-11 00:00:00+00:00,1000,32.8111,0,,-32811.100000000006
2019-06-17 00:00:00+00:00,-1000,33.3401,0,,33340.1
2019-06-19 00:00:00+00:00,1000,34.9362,0,,-34936.2
2019-06-24 00:00:00+00:00,-1000,35.4368,0,,35436.799999999996
2019-07-02 00:00:00+00:00,1000,34.8701,0,,-34870.1
2019-07-05 00:00:00+00:00,-1000,34.1901,0,,34190.1
2019-07-08 00:00:00+00:00,1000,34.0767,0,,-34076.700000000004
2019-07-09 00:00:00+00:00,-1000,33.6045,0,,33604.5
2019-07-15 00:00:00+00:00,1000,33.9585,0,,-33958.5
2019-07-25 00:00:00+00:00,-1000,35.6463,0,,35646.299999999996
2019-07-29 00:00:00+00:00,1000,36.0828,0,,-36082.799999999996
2019-07-31 00:00:00+00:00,-1000,35.4038,0,,35403.799999999996
2019-08-09 00:00:00+00:00,1000,34.395,0,,-34395.0
2019-08-27 00:00:00+00:00,-1000,34.3174,0,,34317.4
2019-09-03 00:00:00+00:00,1000,33.3377,0,,-33337.7
2019-09-11 00:00:00+00:00,-1000,34.1331,0,,34133.1
2019-09-25 00:00:00+00:00,1000,33.0274,0,,-33027.4
2019-10-09 00:00:00+00:00,-1000,33.4832,0,,33483.2
2019-10-11 00:00:00+00:00,1000,34.2398,0,,-34239.8
2019-10-17 00:00:00+00:00,-1000,35.7045,0,,35704.5
2019-11-04 00:00:00+00:00,1000,35.8597,0,,-35859.7
2019-11-08 00:00:00+00:00,-1000,37.3243,0,,37324.3
2019-11-20 00:00:00+00:00,1000,36.1215,0,,-36121.5
2019-11-22 00:00:00+00:00,-1000,35.5978,0,,35597.8
2019-11-26 00:00:00+00:00,1000,35.6851,0,,-35685.1
2019-11-27 00:00:00+00:00,-1000,35.1031,0,,35103.1
2019-11-28 00:00:00+00:00,1000,35.462,0,,-35462.0
2019-12-03 00:00:00+00:00,-1000,34.8412,0,,34841.2
2019-12-04 00:00:00+00:00,1000,34.9867,0,,-34986.7
2019-12-10 00:00:00+00:00,-1000,34.9867,0,,34986.7
2019-12-13 00:00:00+00:00,1000,35.6269,0,,-35626.9
2019-12-19 00:00:00+00:00,-1000,36.8587,0,,36858.7
2019-12-26 00:00:00+00:00,1000,36.6453,0,,-36645.299999999996
2019-12-30 00:00:00+00:00,-1000,36.4707,0,,36470.700000000004
2020-01-03 00:00:00+00:00,1000,37.7802,0,,-37780.2
2020-01-08 00:00:00+00:00,-1000,37.7802,0,,37780.2
2020-01-14 00:00:00+00:00,1000,37.9645,0,,-37964.5
2020-01-15 00:00:00+00:00,-1000,37.6735,0,,37673.5
2020-01-21 00:00:00+00:00,1000,36.8102,0,,-36810.200000000004
2020-02-03 00:00:00+00:00,-1000,32.7849,0,,32784.9
2020-02-04 00:00:00+00:00,1000,33.9876,0,,-33987.6
2020-02-11 00:00:00+00:00,-1000,34.2398,0,,34239.8
2020-02-13 00:00:00+00:00,1000,34.4629,0,,-34462.899999999994
2020-02-20 00:00:00+00:00,-1000,34.589,0,,34589.0
2020-02-28 00:00:00+00:00,1000,33.8033,0,,-33803.3
2020-03-03 00:00:00+00:00,-1000,33.8809,0,,33880.899999999994
2020-03-05 00:00:00+00:00,1000,33.9391,0,,-33939.100000000006
2020-03-10 00:00:00+00:00,-1000,33.1632,0,,33163.200000000004
2020-03-16 00:00:00+00:00,1000,32.3872,0,,-32387.2
2020-03-17 00:00:00+00:00,-1000,30.6994,0,,30699.4
2020-03-23 00:00:00+00:00,1000,29.1087,0,,-29108.699999999997
2020-04-01 00:00:00+00:00,-1000,31.1553,0,,31155.3
2020-04-15 00:00:00+00:00,1000,31.6112,0,,-31611.2
2020-04-20 00:00:00+00:00,-1000,31.9022,0,,31902.2
2020-04-21 00:00:00+00:00,1000,31.9119,0,,-31911.899999999998
2020-04-24 00:00:00+00:00,-1000,31.7373,0,,31737.300000000003
2020-04-28 00:00:00+00:00,1000,32.5909,0,,-32590.899999999998
2020-05-07 00:00:00+00:00,-1000,33.5608,0,,33560.8
2020-05-12 00:00:00+00:00,1000,33.9391,0,,-33939.100000000006
2020-05-14 00:00:00+00:00,-1000,33.3571,0,,33357.100000000006
2020-05-20 00:00:00+00:00,1000,33.2407,0,,-33240.7
2020-05-25 00:00:00+00:00,-1000,32.9013,0,,32901.299999999996
2020-05-29 00:00:00+00:00,1000,32.8431,0,,-32843.1
2020-06-08 00:00:00+00:00,-1000,34.4823,0,,34482.3
2020-06-10 00:00:00+00:00,1000,34.5696,0,,-34569.6
2020-06-11 00:00:00+00:00,-1000,34.1525,0,,34152.5
2020-06-19 00:00:00+00:00,1000,32.7849,0,,-32784.9
2020-06-23 00:00:00+00:00,-1000,32.2999,0,,32299.9
2020-06-29 00:00:00+00:00,1000,33.1438,0,,-33143.799999999996
2020-07-08 00:00:00+00:00,-1000,39.6716,0,,39671.6
2020-07-21 00:00:00+00:00,1000,37.27,0,,-37270.0
2020-07-24 00:00:00+00:00,-1000,35.5,0,,35500.0
2020-07-30 00:00:00+00:00,1000,35.05,0,,-35050.0
2020-08-12 00:00:00+00:00,-1000,37.78,0,,37780.0
2020-08-18 00:00:00+00:00,1000,39.0,0,,-39000.0
2020-08-20 00:00:00+00:00,-1000,38.21,0,,38210.0
2020-08-31 00:00:00+00:00,1000,38.5,0,,-38500.0
2020-09-03 00:00:00+00:00,-1000,37.12,0,,37120.0
2020-09-09 00:00:00+00:00,1000,37.27,0,,-37270.0
2020-09-22 00:00:00+00:00,-1000,38.5,0,,38500.0
2020-10-13 00:00:00+00:00,1000,37.48,0,,-37480.0
2020-10-20 00:00:00+00:00,-1000,40.0,0,,40000.0
2020-10-23 00:00:00+00:00,1000,40.91,0,,-40910.0
2020-10-27 00:00:00+00:00,-1000,40.62,0,,40620.0
2020-11-04 00:00:00+00:00,1000,42.12,0,,-42120.0
2020-11-10 00:00:00+00:00,-1000,43.77,0,,43770.0
2020-11-11 00:00:00+00:00,1000,44.0,0,,-44000.0
2020-11-16 00:00:00+00:00,-1000,42.95,0,,42950.0
2020-11-19 00:00:00+00:00,1000,44.53,0,,-44530.0
2020-11-25 00:00:00+00:00,-1000,45.52,0,,45520.0
2020-11-30 00:00:00+00:00,1000,45.85,0,,-45850.0
2020-12-01 00:00:00+00:00,-1000,44.4,0,,44400.0
2020-12-04 00:00:00+00:00,1000,46.47,0,,-46470.0
2020-12-08 00:00:00+00:00,-1000,44.39,0,,44390.0
2020-12-15 00:00:00+00:00,1000,44.45,0,,-44450.0
2020-12-21 00:00:00+00:00,-1000,43.04,0,,43040.0
2020-12-25 00:00:00+00:00,1000,42.55,0,,-42550.0
2021-01-06 00:00:00+00:00,-1000,42.1,0,,42100.0
2021-01-08 00:00:00+00:00,1000,46.29,0,,-46290.0
2021-01-13 00:00:00+00:00,-1000,49.31,0,,49310.0
2021-02-02 00:00:00+00:00,1000,52.35,0,,-52350.0
2021-02-19 00:00:00+00:00,-1000,55.65,0,,55650.0
2021-03-04 00:00:00+00:00,1000,52.19,0,,-52190.0
